<?xml version="1.0" encoding="UTF-8"?><idempiere Name="2Pack_5.4.8" Version="2Pack_5.4.8" idempiereVersion="" DataBaseVersion="" Description="" Author="" AuthorEmail="jorge.pinero@ingeint.com" CreatedDate="2021-11-29 22:15:16.145" UpdatedDate="2021-11-29 22:15:27.738" PackOutVersion="100" UpdateDictionary="false" Client="0-SYSTEM-System" AD_Client_UU="11237b53-9592-4af1-b3c5-afd216514b5d">
    <AD_Menu type="table">
        <Parent_ID reference="id">53114</Parent_ID>
        <SeqNo>10</SeqNo>
        <AD_Menu_ID>53117</AD_Menu_ID>
        <AD_Client_ID>0</AD_Client_ID>
        <AD_Org_ID>0</AD_Org_ID>
        <AD_Menu_ID>53117</AD_Menu_ID>
        <Name>Payroll Definition</Name>
        <Description>In a company, payroll is the sum of all financial records of salaries, wages, bonuses, and deductions.</Description>
        <Action>W</Action>
        <AD_Window_ID reference="id">53038</AD_Window_ID>
        <AD_Workflow_ID reference="id"/>
        <AD_Task_ID reference="id"/>
        <AD_Org_ID reference="id">0</AD_Org_ID>
        <IsActive>Y</IsActive>
        <IsSummary>N</IsSummary>
        <AD_Process_ID reference="id"/>
        <IsSOTrx>N</IsSOTrx>
        <AD_Form_ID reference="id"/>
        <IsReadOnly>N</IsReadOnly>
        <EntityType>ING_Payroll</EntityType>
        <IsCentrallyMaintained>Y</IsCentrallyMaintained>
        <AD_Menu_UU>1d436c6f-e4b7-48ec-9521-79734857466f</AD_Menu_UU>
        <AD_InfoWindow_ID reference="id"/>
        <PredefinedContextVariables/>
        <AD_Menu_Trl type="translation">
            <Description>En una compañía, nómina es la suma de todos los registros financieros de salarios, devengados, bonificaciones y deducciones.</Description>
            <Name>Definición Nómina</Name>
            <AD_Language>es_CO</AD_Language>
            <IsActive>Y</IsActive>
            <IsTranslated>Y</IsTranslated>
        </AD_Menu_Trl>
        <AD_Column type="table">
            <IsSyncDatabase>Y</IsSyncDatabase>
            <AD_Table_ID reference="id">53093</AD_Table_ID>
            <AD_Reference_Value_ID reference="id"/>
            <AD_Client_ID>0</AD_Client_ID>
            <AD_Org_ID>0</AD_Org_ID>
            <Version>0</Version>
            <Name>Standard Precision</Name>
            <Description>Rule for rounding  calculated amounts</Description>
            <Help>The Standard Precision defines the number of decimal places that amounts will be rounded to for accounting transactions and documents.</Help>
            <AD_Val_Rule_ID reference="id"/>
            <ColumnName>StdPrecision</ColumnName>
            <DefaultValue>0</DefaultValue>
            <FieldLength>131089</FieldLength>
            <IsKey>N</IsKey>
            <IsParent>N</IsParent>
            <IsMandatory>N</IsMandatory>
            <IsTranslated>N</IsTranslated>
            <IsIdentifier>N</IsIdentifier>
            <SeqNo>0</SeqNo>
            <IsEncrypted>N</IsEncrypted>
            <AD_Reference_ID reference="id">11</AD_Reference_ID>
            <AD_Org_ID reference="id">0</AD_Org_ID>
            <IsActive>Y</IsActive>
            <VFormat/>
            <Callout/>
            <AD_Element_ID reference="id">577</AD_Element_ID>
            <IsUpdateable>Y</IsUpdateable>
            <AD_Process_ID reference="id"/>
            <ValueMin/>
            <ValueMax/>
            <IsSelectionColumn>N</IsSelectionColumn>
            <ReadOnlyLogic/>
            <EntityType>U</EntityType>
            <IsAlwaysUpdateable>N</IsAlwaysUpdateable>
            <ColumnSQL/>
            <MandatoryLogic/>
            <IsAutocomplete>N</IsAutocomplete>
            <IsAllowLogging>Y</IsAllowLogging>
            <FormatPattern/>
            <AD_Chart_ID reference="id"/>
            <AD_Column_UU>aed64b1c-c058-4a3c-8818-121076f479d1</AD_Column_UU>
            <IsAllowCopy>Y</IsAllowCopy>
            <SeqNoSelection>0</SeqNoSelection>
            <IsToolbarButton>N</IsToolbarButton>
            <IsSecure>N</IsSecure>
            <FKConstraintName/>
            <FKConstraintType>N</FKConstraintType>
            <PA_DashboardContent_ID reference="id"/>
            <Placeholder/>
            <IsHtml>N</IsHtml>
            <AD_Val_Rule_Lookup_ID reference="id"/>
        </AD_Column>
        <AD_Field type="table">
            <AD_Client_ID>0</AD_Client_ID>
            <AD_Org_ID>0</AD_Org_ID>
            <Name>Default</Name>
            <Description>Default value</Description>
            <Help>The Default Checkbox indicates if this record will be used as a default value.</Help>
            <AD_Tab_ID reference="id">53115</AD_Tab_ID>
            <AD_Column_ID reference="uuid" reference-key="AD_Column">f6e4d2e3-55cb-469c-8aa1-fed8851bfc7e</AD_Column_ID>
            <IsDisplayed>Y</IsDisplayed>
            <DisplayLogic/>
            <DisplayLength>1</DisplayLength>
            <SeqNo>70</SeqNo>
            <SortNo/>
            <IsSameLine>N</IsSameLine>
            <IsHeading>N</IsHeading>
            <IsFieldOnly>N</IsFieldOnly>
            <IsEncrypted>N</IsEncrypted>
            <AD_Org_ID reference="id">0</AD_Org_ID>
            <IsActive>Y</IsActive>
            <IsReadOnly>N</IsReadOnly>
            <IsCentrallyMaintained>Y</IsCentrallyMaintained>
            <AD_FieldGroup_ID reference="id"/>
            <EntityType>ING_Payroll</EntityType>
            <ObscureType/>
            <AD_Reference_ID reference="id"/>
            <IsMandatory/>
            <DefaultValue/>
            <AD_Reference_Value_ID reference="id"/>
            <AD_Val_Rule_ID reference="id"/>
            <Included_Tab_ID reference="id"/>
            <AD_Field_UU>14a4e297-25e7-43aa-b4cd-b27fdd76dc18</AD_Field_UU>
            <IsAllowCopy/>
            <IsDisplayedGrid>Y</IsDisplayedGrid>
            <SeqNoGrid>140</SeqNoGrid>
            <XPosition>5</XPosition>
            <ColumnSpan>2</ColumnSpan>
            <NumLines>1</NumLines>
            <IsQuickEntry>N</IsQuickEntry>
            <IsUpdateable/>
            <IsAlwaysUpdateable/>
            <MandatoryLogic/>
            <ReadOnlyLogic/>
            <IsToolbarButton/>
            <IsDefaultFocus>N</IsDefaultFocus>
            <IsAdvancedField>N</IsAdvancedField>
            <VFormat/>
            <AD_LabelStyle_ID reference="id"/>
            <AD_FieldStyle_ID reference="id"/>
            <IsQuickForm>N</IsQuickForm>
            <Placeholder/>
            <IsSelectionColumn/>
            <AD_Val_Rule_Lookup_ID reference="id"/>
            <ColumnSQL/>
            <AD_Field_Trl type="translation">
                <Description>Valor Predeterminado</Description>
                <Help>El cuadro de verificación indica si este registro será usado como un valor predeterminado</Help>
                <Name>Predeterminado</Name>
                <Placeholder/>
                <AD_Language>es_CO</AD_Language>
                <IsActive>Y</IsActive>
                <IsTranslated>Y</IsTranslated>
            </AD_Field_Trl>
        </AD_Field>
        <AD_Field type="table">
            <AD_Client_ID>0</AD_Client_ID>
            <AD_Org_ID>0</AD_Org_ID>
            <Name>IsExcludeFromPersonalRequest</Name>
            <Description/>
            <Help/>
            <AD_Tab_ID reference="id">53115</AD_Tab_ID>
            <AD_Column_ID reference="uuid" reference-key="AD_Column">7b43aee9-6c22-4ca8-94e4-d5d5bf613b40</AD_Column_ID>
            <IsDisplayed>Y</IsDisplayed>
            <DisplayLogic/>
            <DisplayLength>1</DisplayLength>
            <SeqNo>180</SeqNo>
            <SortNo/>
            <IsSameLine>N</IsSameLine>
            <IsHeading>N</IsHeading>
            <IsFieldOnly>N</IsFieldOnly>
            <IsEncrypted>N</IsEncrypted>
            <AD_Org_ID reference="id">0</AD_Org_ID>
            <IsActive>Y</IsActive>
            <IsReadOnly>N</IsReadOnly>
            <IsCentrallyMaintained>Y</IsCentrallyMaintained>
            <AD_FieldGroup_ID reference="id"/>
            <EntityType>ING_Payroll</EntityType>
            <ObscureType/>
            <AD_Reference_ID reference="id"/>
            <IsMandatory/>
            <DefaultValue/>
            <AD_Reference_Value_ID reference="id"/>
            <AD_Val_Rule_ID reference="id"/>
            <Included_Tab_ID reference="id"/>
            <AD_Field_UU>ba0a343f-cf89-4b00-8ab0-e31a24bbf4b1</AD_Field_UU>
            <IsAllowCopy/>
            <IsDisplayedGrid>Y</IsDisplayedGrid>
            <SeqNoGrid>170</SeqNoGrid>
            <XPosition>2</XPosition>
            <ColumnSpan>2</ColumnSpan>
            <NumLines>1</NumLines>
            <IsQuickEntry>N</IsQuickEntry>
            <IsUpdateable/>
            <IsAlwaysUpdateable/>
            <MandatoryLogic/>
            <ReadOnlyLogic/>
            <IsToolbarButton/>
            <IsDefaultFocus>N</IsDefaultFocus>
            <IsAdvancedField>N</IsAdvancedField>
            <VFormat/>
            <AD_LabelStyle_ID reference="id"/>
            <AD_FieldStyle_ID reference="id"/>
            <IsQuickForm>N</IsQuickForm>
            <Placeholder/>
            <IsSelectionColumn/>
            <AD_Val_Rule_Lookup_ID reference="id"/>
            <ColumnSQL/>
            <AD_Field_Trl type="translation">
                <Description/>
                <Help/>
                <Name>Excluir del proceso de selección de personal</Name>
                <Placeholder/>
                <AD_Language>es_CO</AD_Language>
                <IsActive>Y</IsActive>
                <IsTranslated>Y</IsTranslated>
            </AD_Field_Trl>
        </AD_Field>
        <AD_Field type="table">
            <AD_Client_ID>0</AD_Client_ID>
            <AD_Org_ID>0</AD_Org_ID>
            <Name>Currency</Name>
            <Description>The Currency for this record</Description>
            <Help>Indicates the Currency to be used when processing or reporting on this record</Help>
            <AD_Tab_ID reference="id">53115</AD_Tab_ID>
            <AD_Column_ID reference="uuid" reference-key="AD_Column">dfbc368a-e6ab-44d1-a6d8-5137164d3d22</AD_Column_ID>
            <IsDisplayed>Y</IsDisplayed>
            <DisplayLogic/>
            <DisplayLength>22</DisplayLength>
            <SeqNo>190</SeqNo>
            <SortNo/>
            <IsSameLine>N</IsSameLine>
            <IsHeading>N</IsHeading>
            <IsFieldOnly>N</IsFieldOnly>
            <IsEncrypted>N</IsEncrypted>
            <AD_Org_ID reference="id">0</AD_Org_ID>
            <IsActive>Y</IsActive>
            <IsReadOnly>N</IsReadOnly>
            <IsCentrallyMaintained>Y</IsCentrallyMaintained>
            <AD_FieldGroup_ID reference="id"/>
            <EntityType>U</EntityType>
            <ObscureType/>
            <AD_Reference_ID reference="id"/>
            <IsMandatory/>
            <DefaultValue/>
            <AD_Reference_Value_ID reference="id"/>
            <AD_Val_Rule_ID reference="id"/>
            <Included_Tab_ID reference="id"/>
            <AD_Field_UU>4d672180-44bf-4090-a75f-03cb6f1ec7c9</AD_Field_UU>
            <IsAllowCopy/>
            <IsDisplayedGrid>Y</IsDisplayedGrid>
            <SeqNoGrid>190</SeqNoGrid>
            <XPosition>1</XPosition>
            <ColumnSpan>2</ColumnSpan>
            <NumLines>1</NumLines>
            <IsQuickEntry>N</IsQuickEntry>
            <IsUpdateable/>
            <IsAlwaysUpdateable/>
            <MandatoryLogic/>
            <ReadOnlyLogic/>
            <IsToolbarButton/>
            <IsDefaultFocus>N</IsDefaultFocus>
            <IsAdvancedField>N</IsAdvancedField>
            <VFormat/>
            <AD_LabelStyle_ID reference="id"/>
            <AD_FieldStyle_ID reference="id"/>
            <IsQuickForm>N</IsQuickForm>
            <Placeholder/>
            <IsSelectionColumn/>
            <AD_Val_Rule_Lookup_ID reference="id"/>
            <ColumnSQL/>
            <AD_Field_Trl type="translation">
                <Description>Moneda para este registro</Description>
                <Help>Indica la moneda a ser usada cuando se procese o Informe este registro</Help>
                <Name>Moneda</Name>
                <Placeholder/>
                <AD_Language>es_CO</AD_Language>
                <IsActive>Y</IsActive>
                <IsTranslated>Y</IsTranslated>
            </AD_Field_Trl>
        </AD_Field>
        <AD_Field type="table">
            <AD_Client_ID>0</AD_Client_ID>
            <AD_Org_ID>0</AD_Org_ID>
            <Name>IsCummulatedAccounting</Name>
            <Description/>
            <Help/>
            <AD_Tab_ID reference="id">53115</AD_Tab_ID>
            <AD_Column_ID reference="uuid" reference-key="AD_Column">5b75ccab-5271-4e77-a3fa-a3cff5b6f82b</AD_Column_ID>
            <IsDisplayed>Y</IsDisplayed>
            <DisplayLogic/>
            <DisplayLength>1</DisplayLength>
            <SeqNo>200</SeqNo>
            <SortNo/>
            <IsSameLine>N</IsSameLine>
            <IsHeading>N</IsHeading>
            <IsFieldOnly>N</IsFieldOnly>
            <IsEncrypted>N</IsEncrypted>
            <AD_Org_ID reference="id">0</AD_Org_ID>
            <IsActive>Y</IsActive>
            <IsReadOnly>N</IsReadOnly>
            <IsCentrallyMaintained>Y</IsCentrallyMaintained>
            <AD_FieldGroup_ID reference="id"/>
            <EntityType>ING_Payroll</EntityType>
            <ObscureType/>
            <AD_Reference_ID reference="id"/>
            <IsMandatory/>
            <DefaultValue/>
            <AD_Reference_Value_ID reference="id"/>
            <AD_Val_Rule_ID reference="id"/>
            <Included_Tab_ID reference="id"/>
            <AD_Field_UU>baf3be0d-b740-48fe-9d48-d0c5443f9979</AD_Field_UU>
            <IsAllowCopy/>
            <IsDisplayedGrid>Y</IsDisplayedGrid>
            <SeqNoGrid>200</SeqNoGrid>
            <XPosition>5</XPosition>
            <ColumnSpan>2</ColumnSpan>
            <NumLines>1</NumLines>
            <IsQuickEntry>N</IsQuickEntry>
            <IsUpdateable/>
            <IsAlwaysUpdateable/>
            <MandatoryLogic/>
            <ReadOnlyLogic/>
            <IsToolbarButton/>
            <IsDefaultFocus>N</IsDefaultFocus>
            <IsAdvancedField>N</IsAdvancedField>
            <VFormat/>
            <AD_LabelStyle_ID reference="id"/>
            <AD_FieldStyle_ID reference="id"/>
            <IsQuickForm>N</IsQuickForm>
            <Placeholder/>
            <IsSelectionColumn/>
            <AD_Val_Rule_Lookup_ID reference="id"/>
            <ColumnSQL/>
            <AD_Field_Trl type="translation">
                <Description/>
                <Help/>
                <Name>Contabilidad Acumulada</Name>
                <Placeholder/>
                <AD_Language>es_CO</AD_Language>
                <IsActive>Y</IsActive>
                <IsTranslated>N</IsTranslated>
            </AD_Field_Trl>
        </AD_Field>
        <AD_Field type="table">
            <AD_Client_ID>0</AD_Client_ID>
            <AD_Org_ID>0</AD_Org_ID>
            <Name>Standard Precision</Name>
            <Description>Rule for rounding  calculated amounts</Description>
            <Help>The Standard Precision defines the number of decimal places that amounts will be rounded to for accounting transactions and documents.</Help>
            <AD_Tab_ID reference="id">53115</AD_Tab_ID>
            <AD_Column_ID reference="uuid" reference-key="AD_Column">aed64b1c-c058-4a3c-8818-121076f479d1</AD_Column_ID>
            <IsDisplayed>Y</IsDisplayed>
            <DisplayLogic/>
            <DisplayLength>131089</DisplayLength>
            <SeqNo>210</SeqNo>
            <SortNo/>
            <IsSameLine>N</IsSameLine>
            <IsHeading>N</IsHeading>
            <IsFieldOnly>N</IsFieldOnly>
            <IsEncrypted>N</IsEncrypted>
            <AD_Org_ID reference="id">0</AD_Org_ID>
            <IsActive>Y</IsActive>
            <IsReadOnly>N</IsReadOnly>
            <IsCentrallyMaintained>Y</IsCentrallyMaintained>
            <AD_FieldGroup_ID reference="id"/>
            <EntityType>U</EntityType>
            <ObscureType/>
            <AD_Reference_ID reference="id"/>
            <IsMandatory/>
            <DefaultValue/>
            <AD_Reference_Value_ID reference="id"/>
            <AD_Val_Rule_ID reference="id"/>
            <Included_Tab_ID reference="id"/>
            <AD_Field_UU>82b8fbc4-4eb3-4ff7-94be-506a42a6f4cf</AD_Field_UU>
            <IsAllowCopy/>
            <IsDisplayedGrid>Y</IsDisplayedGrid>
            <SeqNoGrid>210</SeqNoGrid>
            <XPosition>1</XPosition>
            <ColumnSpan>2</ColumnSpan>
            <NumLines>1</NumLines>
            <IsQuickEntry>N</IsQuickEntry>
            <IsUpdateable/>
            <IsAlwaysUpdateable/>
            <MandatoryLogic>1=1</MandatoryLogic>
            <ReadOnlyLogic/>
            <IsToolbarButton/>
            <IsDefaultFocus>N</IsDefaultFocus>
            <IsAdvancedField>N</IsAdvancedField>
            <VFormat/>
            <AD_LabelStyle_ID reference="id"/>
            <AD_FieldStyle_ID reference="id"/>
            <IsQuickForm>N</IsQuickForm>
            <Placeholder/>
            <IsSelectionColumn/>
            <AD_Val_Rule_Lookup_ID reference="id"/>
            <ColumnSQL/>
            <AD_Field_Trl type="translation">
                <Description>Rule for rounding  calculated amounts</Description>
                <Help>The Standard Precision defines the number of decimal places that amounts will be rounded to for accounting transactions and documents.</Help>
                <Name>Standard Precision</Name>
                <Placeholder/>
                <AD_Language>es_CO</AD_Language>
                <IsActive>Y</IsActive>
                <IsTranslated>N</IsTranslated>
            </AD_Field_Trl>
            <AD_Field_Trl type="translation">
                <Description>Rule for rounding  calculated amounts</Description>
                <Help>The Standard Precision defines the number of decimal places that amounts will be rounded to for accounting transactions and documents.</Help>
                <Name>Standard Precision</Name>
                <Placeholder/>
                <AD_Language>es_VE</AD_Language>
                <IsActive>Y</IsActive>
                <IsTranslated>N</IsTranslated>
            </AD_Field_Trl>
        </AD_Field>
    </AD_Menu>
    <AD_Menu type="table">
        <Parent_ID reference="id">53114</Parent_ID>
        <SeqNo>12</SeqNo>
        <AD_Menu_ID>53127</AD_Menu_ID>
        <AD_Client_ID>0</AD_Client_ID>
        <AD_Org_ID>0</AD_Org_ID>
        <AD_Menu_ID>53127</AD_Menu_ID>
        <Name>Payroll Process</Name>
        <Description>Payroll Process</Description>
        <Action>W</Action>
        <AD_Window_ID reference="id">53037</AD_Window_ID>
        <AD_Workflow_ID reference="id"/>
        <AD_Task_ID reference="id"/>
        <AD_Org_ID reference="id">0</AD_Org_ID>
        <IsActive>Y</IsActive>
        <IsSummary>N</IsSummary>
        <AD_Process_ID reference="id"/>
        <IsSOTrx>N</IsSOTrx>
        <AD_Form_ID reference="id"/>
        <IsReadOnly>N</IsReadOnly>
        <EntityType>ING_Payroll</EntityType>
        <IsCentrallyMaintained>Y</IsCentrallyMaintained>
        <AD_Menu_UU>7715bcee-b882-46b1-9417-e1c6b383baae</AD_Menu_UU>
        <AD_InfoWindow_ID reference="id"/>
        <PredefinedContextVariables/>
        <AD_Menu_Trl type="translation">
            <Description>Proceso Nómina</Description>
            <Name>Proceso Nómina</Name>
            <AD_Language>es_CO</AD_Language>
            <IsActive>Y</IsActive>
            <IsTranslated>Y</IsTranslated>
        </AD_Menu_Trl>
        <AD_Column type="table">
            <IsSyncDatabase>Y</IsSyncDatabase>
            <AD_Table_ID reference="uuid" reference-key="AD_Table">08b40024-5f00-4f77-89c3-e4b3145ed756</AD_Table_ID>
            <AD_Reference_Value_ID reference="id"/>
            <AD_Client_ID>0</AD_Client_ID>
            <AD_Org_ID>0</AD_Org_ID>
            <Version>0</Version>
            <Name>Converted Amount</Name>
            <Description>Converted Amount</Description>
            <Help>The Converted Amount is the result of multiplying the Source Amount by the Conversion Rate for this target currency.</Help>
            <AD_Val_Rule_ID reference="id"/>
            <ColumnName>ConvertedAmt</ColumnName>
            <DefaultValue/>
            <FieldLength>22</FieldLength>
            <IsKey>N</IsKey>
            <IsParent>N</IsParent>
            <IsMandatory>N</IsMandatory>
            <IsTranslated>N</IsTranslated>
            <IsIdentifier>N</IsIdentifier>
            <SeqNo>0</SeqNo>
            <IsEncrypted>N</IsEncrypted>
            <AD_Reference_ID reference="id">12</AD_Reference_ID>
            <AD_Org_ID reference="id">0</AD_Org_ID>
            <IsActive>Y</IsActive>
            <VFormat/>
            <Callout/>
            <AD_Element_ID reference="id">1555</AD_Element_ID>
            <IsUpdateable>Y</IsUpdateable>
            <AD_Process_ID reference="id"/>
            <ValueMin/>
            <ValueMax/>
            <IsSelectionColumn>N</IsSelectionColumn>
            <ReadOnlyLogic/>
            <EntityType>U</EntityType>
            <IsAlwaysUpdateable>N</IsAlwaysUpdateable>
            <ColumnSQL/>
            <MandatoryLogic/>
            <IsAutocomplete>N</IsAutocomplete>
            <IsAllowLogging>Y</IsAllowLogging>
            <FormatPattern/>
            <AD_Chart_ID reference="id"/>
            <AD_Column_UU>e5f1ee26-1a42-47c3-aef3-20f081a0a714</AD_Column_UU>
            <IsAllowCopy>N</IsAllowCopy>
            <SeqNoSelection>0</SeqNoSelection>
            <IsToolbarButton>N</IsToolbarButton>
            <IsSecure>N</IsSecure>
            <FKConstraintName/>
            <FKConstraintType>N</FKConstraintType>
            <PA_DashboardContent_ID reference="id"/>
            <Placeholder/>
            <IsHtml>N</IsHtml>
            <AD_Val_Rule_Lookup_ID reference="id"/>
        </AD_Column>
        <AD_Field type="table">
            <AD_Client_ID>0</AD_Client_ID>
            <AD_Org_ID>0</AD_Org_ID>
            <Name>Converted Amount</Name>
            <Description>Converted Amount</Description>
            <Help>The Converted Amount is the result of multiplying the Source Amount by the Conversion Rate for this target currency.</Help>
            <AD_Tab_ID reference="uuid" reference-key="AD_Tab">eac87055-6b78-4bf1-adec-31538af368c7</AD_Tab_ID>
            <AD_Column_ID reference="uuid" reference-key="AD_Column">e5f1ee26-1a42-47c3-aef3-20f081a0a714</AD_Column_ID>
            <IsDisplayed>Y</IsDisplayed>
            <DisplayLogic/>
            <DisplayLength>22</DisplayLength>
            <SeqNo>80</SeqNo>
            <SortNo/>
            <IsSameLine>N</IsSameLine>
            <IsHeading>N</IsHeading>
            <IsFieldOnly>N</IsFieldOnly>
            <IsEncrypted>N</IsEncrypted>
            <AD_Org_ID reference="id">0</AD_Org_ID>
            <IsActive>Y</IsActive>
            <IsReadOnly>N</IsReadOnly>
            <IsCentrallyMaintained>Y</IsCentrallyMaintained>
            <AD_FieldGroup_ID reference="id"/>
            <EntityType>U</EntityType>
            <ObscureType/>
            <AD_Reference_ID reference="id"/>
            <IsMandatory/>
            <DefaultValue/>
            <AD_Reference_Value_ID reference="id"/>
            <AD_Val_Rule_ID reference="id"/>
            <Included_Tab_ID reference="id"/>
            <AD_Field_UU>ea3129cc-04b9-4d5a-b22f-7498b29f46f6</AD_Field_UU>
            <IsAllowCopy/>
            <IsDisplayedGrid>Y</IsDisplayedGrid>
            <SeqNoGrid>130</SeqNoGrid>
            <XPosition>1</XPosition>
            <ColumnSpan>2</ColumnSpan>
            <NumLines>1</NumLines>
            <IsQuickEntry>N</IsQuickEntry>
            <IsUpdateable/>
            <IsAlwaysUpdateable/>
            <MandatoryLogic/>
            <ReadOnlyLogic/>
            <IsToolbarButton/>
            <IsDefaultFocus>N</IsDefaultFocus>
            <IsAdvancedField>N</IsAdvancedField>
            <VFormat/>
            <AD_LabelStyle_ID reference="id"/>
            <AD_FieldStyle_ID reference="id"/>
            <IsQuickForm>N</IsQuickForm>
            <Placeholder/>
            <IsSelectionColumn/>
            <AD_Val_Rule_Lookup_ID reference="id"/>
            <ColumnSQL/>
            <AD_Field_Trl type="translation">
                <Description>Converted Amount</Description>
                <Help>The Converted Amount is the result of multiplying the Source Amount by the Conversion Rate for this target currency.</Help>
                <Name>Converted Amount</Name>
                <Placeholder/>
                <AD_Language>es_CO</AD_Language>
                <IsActive>Y</IsActive>
                <IsTranslated>N</IsTranslated>
            </AD_Field_Trl>
            <AD_Field_Trl type="translation">
                <Description>Converted Amount</Description>
                <Help>The Converted Amount is the result of multiplying the Source Amount by the Conversion Rate for this target currency.</Help>
                <Name>Converted Amount</Name>
                <Placeholder/>
                <AD_Language>es_VE</AD_Language>
                <IsActive>Y</IsActive>
                <IsTranslated>N</IsTranslated>
            </AD_Field_Trl>
        </AD_Field>
        <AD_Field type="table">
            <AD_Client_ID>0</AD_Client_ID>
            <AD_Org_ID>0</AD_Org_ID>
            <Name>Account Sign</Name>
            <Description>Indicates the Natural Sign of the Account as a Debit or Credit</Description>
            <Help>Indicates if the expected balance for this account should be a Debit or a Credit. If set to Natural, the account sign for an asset or expense account is Debit Sign (i.e. negative if a credit balance).</Help>
            <AD_Tab_ID reference="uuid" reference-key="AD_Tab">eac87055-6b78-4bf1-adec-31538af368c7</AD_Tab_ID>
            <AD_Column_ID reference="uuid" reference-key="AD_Column">a629530c-2dc3-41ec-a8d3-9b6a8d459300</AD_Column_ID>
            <IsDisplayed>Y</IsDisplayed>
            <DisplayLogic/>
            <DisplayLength>1</DisplayLength>
            <SeqNo>90</SeqNo>
            <SortNo/>
            <IsSameLine>N</IsSameLine>
            <IsHeading>N</IsHeading>
            <IsFieldOnly>N</IsFieldOnly>
            <IsEncrypted>N</IsEncrypted>
            <AD_Org_ID reference="id">0</AD_Org_ID>
            <IsActive>Y</IsActive>
            <IsReadOnly>N</IsReadOnly>
            <IsCentrallyMaintained>Y</IsCentrallyMaintained>
            <AD_FieldGroup_ID reference="id"/>
            <EntityType>ING_Payroll</EntityType>
            <ObscureType/>
            <AD_Reference_ID reference="id"/>
            <IsMandatory/>
            <DefaultValue/>
            <AD_Reference_Value_ID reference="id"/>
            <AD_Val_Rule_ID reference="id"/>
            <Included_Tab_ID reference="id"/>
            <AD_Field_UU>b95bd6db-6257-493b-9acd-158c181e67e3</AD_Field_UU>
            <IsAllowCopy/>
            <IsDisplayedGrid>Y</IsDisplayedGrid>
            <SeqNoGrid>60</SeqNoGrid>
            <XPosition>4</XPosition>
            <ColumnSpan>2</ColumnSpan>
            <NumLines>1</NumLines>
            <IsQuickEntry>N</IsQuickEntry>
            <IsUpdateable/>
            <IsAlwaysUpdateable/>
            <MandatoryLogic/>
            <ReadOnlyLogic/>
            <IsToolbarButton/>
            <IsDefaultFocus>N</IsDefaultFocus>
            <IsAdvancedField>N</IsAdvancedField>
            <VFormat/>
            <AD_LabelStyle_ID reference="id"/>
            <AD_FieldStyle_ID reference="id"/>
            <IsQuickForm>N</IsQuickForm>
            <Placeholder/>
            <IsSelectionColumn/>
            <AD_Val_Rule_Lookup_ID reference="id"/>
            <ColumnSQL/>
            <AD_Field_Trl type="translation">
                <Description>Indica el signo natural de la cuenta ya sea débito o crédito</Description>
                <Help>Indica si el saldo esperado para esta cuenta debería ser deudor o acreedor</Help>
                <Name>Naturaleza de Cuenta</Name>
                <Placeholder/>
                <AD_Language>es_CO</AD_Language>
                <IsActive>Y</IsActive>
                <IsTranslated>Y</IsTranslated>
            </AD_Field_Trl>
        </AD_Field>
        <AD_Field type="table">
            <AD_Client_ID>0</AD_Client_ID>
            <AD_Org_ID>0</AD_Org_ID>
            <Name>User Element List 1</Name>
            <Description>User defined list element #1</Description>
            <Help>The user defined element displays the optional elements that have been defined for this account combination.</Help>
            <AD_Tab_ID reference="uuid" reference-key="AD_Tab">eac87055-6b78-4bf1-adec-31538af368c7</AD_Tab_ID>
            <AD_Column_ID reference="uuid" reference-key="AD_Column">d60de548-d5cd-4f0c-a92d-6aab64037883</AD_Column_ID>
            <IsDisplayed>Y</IsDisplayed>
            <DisplayLogic>@$Element_U1@=Y</DisplayLogic>
            <DisplayLength>22</DisplayLength>
            <SeqNo>100</SeqNo>
            <SortNo/>
            <IsSameLine>N</IsSameLine>
            <IsHeading>N</IsHeading>
            <IsFieldOnly>N</IsFieldOnly>
            <IsEncrypted>N</IsEncrypted>
            <AD_Org_ID reference="id">0</AD_Org_ID>
            <IsActive>Y</IsActive>
            <IsReadOnly>N</IsReadOnly>
            <IsCentrallyMaintained>Y</IsCentrallyMaintained>
            <AD_FieldGroup_ID reference="id"/>
            <EntityType>ING_Payroll</EntityType>
            <ObscureType/>
            <AD_Reference_ID reference="id"/>
            <IsMandatory/>
            <DefaultValue/>
            <AD_Reference_Value_ID reference="id"/>
            <AD_Val_Rule_ID reference="id"/>
            <Included_Tab_ID reference="id"/>
            <AD_Field_UU>e67d7d9a-6581-46d2-8262-9bfbed11056f</AD_Field_UU>
            <IsAllowCopy/>
            <IsDisplayedGrid>Y</IsDisplayedGrid>
            <SeqNoGrid>90</SeqNoGrid>
            <XPosition>1</XPosition>
            <ColumnSpan>2</ColumnSpan>
            <NumLines>1</NumLines>
            <IsQuickEntry>N</IsQuickEntry>
            <IsUpdateable/>
            <IsAlwaysUpdateable/>
            <MandatoryLogic/>
            <ReadOnlyLogic/>
            <IsToolbarButton/>
            <IsDefaultFocus>N</IsDefaultFocus>
            <IsAdvancedField>N</IsAdvancedField>
            <VFormat/>
            <AD_LabelStyle_ID reference="id"/>
            <AD_FieldStyle_ID reference="id"/>
            <IsQuickForm>N</IsQuickForm>
            <Placeholder/>
            <IsSelectionColumn/>
            <AD_Val_Rule_Lookup_ID reference="id"/>
            <ColumnSQL/>
            <AD_Field_Trl type="translation">
                <Description>El usuario definió el elemento # 1</Description>
                <Help>El elemento definido por el usuario despliega los elementos opcionales que han sido definidos para esta combinación de cuentas</Help>
                <Name>Centro de Costo</Name>
                <Placeholder/>
                <AD_Language>es_CO</AD_Language>
                <IsActive>Y</IsActive>
                <IsTranslated>Y</IsTranslated>
            </AD_Field_Trl>
        </AD_Field>
        <AD_Field type="table">
            <AD_Client_ID>0</AD_Client_ID>
            <AD_Org_ID>0</AD_Org_ID>
            <Name>Activity</Name>
            <Description>Business Activity</Description>
            <Help>Activities indicate tasks that are performed and used to utilize Activity based Costing</Help>
            <AD_Tab_ID reference="uuid" reference-key="AD_Tab">eac87055-6b78-4bf1-adec-31538af368c7</AD_Tab_ID>
            <AD_Column_ID reference="uuid" reference-key="AD_Column">4fa57720-82a5-4f97-bb20-36e307d8274d</AD_Column_ID>
            <IsDisplayed>Y</IsDisplayed>
            <DisplayLogic>@$Element_AY@=Y</DisplayLogic>
            <DisplayLength>22</DisplayLength>
            <SeqNo>110</SeqNo>
            <SortNo/>
            <IsSameLine>N</IsSameLine>
            <IsHeading>N</IsHeading>
            <IsFieldOnly>N</IsFieldOnly>
            <IsEncrypted>N</IsEncrypted>
            <AD_Org_ID reference="id">0</AD_Org_ID>
            <IsActive>Y</IsActive>
            <IsReadOnly>N</IsReadOnly>
            <IsCentrallyMaintained>Y</IsCentrallyMaintained>
            <AD_FieldGroup_ID reference="id"/>
            <EntityType>ING_Payroll</EntityType>
            <ObscureType/>
            <AD_Reference_ID reference="id"/>
            <IsMandatory/>
            <DefaultValue/>
            <AD_Reference_Value_ID reference="id"/>
            <AD_Val_Rule_ID reference="id"/>
            <Included_Tab_ID reference="id"/>
            <AD_Field_UU>e5b74341-329a-452a-84e2-57e5050b2b6d</AD_Field_UU>
            <IsAllowCopy/>
            <IsDisplayedGrid>Y</IsDisplayedGrid>
            <SeqNoGrid>100</SeqNoGrid>
            <XPosition>4</XPosition>
            <ColumnSpan>2</ColumnSpan>
            <NumLines>1</NumLines>
            <IsQuickEntry>N</IsQuickEntry>
            <IsUpdateable/>
            <IsAlwaysUpdateable/>
            <MandatoryLogic/>
            <ReadOnlyLogic/>
            <IsToolbarButton/>
            <IsDefaultFocus>N</IsDefaultFocus>
            <IsAdvancedField>N</IsAdvancedField>
            <VFormat/>
            <AD_LabelStyle_ID reference="id"/>
            <AD_FieldStyle_ID reference="id"/>
            <IsQuickForm>N</IsQuickForm>
            <Placeholder/>
            <IsSelectionColumn/>
            <AD_Val_Rule_Lookup_ID reference="id"/>
            <ColumnSQL/>
            <AD_Field_Trl type="translation">
                <Description>Actividad de Negocio</Description>
                <Help>Las actividades indican tareas que son ejecutadas en el curso de un negocio; las actividades son usadas para el costeo por actividad (ABC)</Help>
                <Name>Actividad</Name>
                <Placeholder/>
                <AD_Language>es_CO</AD_Language>
                <IsActive>Y</IsActive>
                <IsTranslated>Y</IsTranslated>
            </AD_Field_Trl>
        </AD_Field>
        <AD_Field type="table">
            <AD_Client_ID>0</AD_Client_ID>
            <AD_Org_ID>0</AD_Org_ID>
            <Name>Comment/Help</Name>
            <Description>Comment or Hint</Description>
            <Help>The Help field contains a hint, comment or help about the use of this item.</Help>
            <AD_Tab_ID reference="uuid" reference-key="AD_Tab">eac87055-6b78-4bf1-adec-31538af368c7</AD_Tab_ID>
            <AD_Column_ID reference="uuid" reference-key="AD_Column">8010e95a-9624-4397-8005-4cdf9888acf8</AD_Column_ID>
            <IsDisplayed>Y</IsDisplayed>
            <DisplayLogic/>
            <DisplayLength>2000</DisplayLength>
            <SeqNo>120</SeqNo>
            <SortNo/>
            <IsSameLine>N</IsSameLine>
            <IsHeading>N</IsHeading>
            <IsFieldOnly>N</IsFieldOnly>
            <IsEncrypted>N</IsEncrypted>
            <AD_Org_ID reference="id">0</AD_Org_ID>
            <IsActive>Y</IsActive>
            <IsReadOnly>N</IsReadOnly>
            <IsCentrallyMaintained>Y</IsCentrallyMaintained>
            <AD_FieldGroup_ID reference="id"/>
            <EntityType>ING_Payroll</EntityType>
            <ObscureType/>
            <AD_Reference_ID reference="id"/>
            <IsMandatory/>
            <DefaultValue/>
            <AD_Reference_Value_ID reference="id"/>
            <AD_Val_Rule_ID reference="id"/>
            <Included_Tab_ID reference="id"/>
            <AD_Field_UU>0c4ab179-2af8-448e-b972-f763051b46c9</AD_Field_UU>
            <IsAllowCopy/>
            <IsDisplayedGrid>Y</IsDisplayedGrid>
            <SeqNoGrid>30</SeqNoGrid>
            <XPosition>1</XPosition>
            <ColumnSpan>5</ColumnSpan>
            <NumLines>3</NumLines>
            <IsQuickEntry>N</IsQuickEntry>
            <IsUpdateable/>
            <IsAlwaysUpdateable/>
            <MandatoryLogic/>
            <ReadOnlyLogic/>
            <IsToolbarButton/>
            <IsDefaultFocus>N</IsDefaultFocus>
            <IsAdvancedField>N</IsAdvancedField>
            <VFormat/>
            <AD_LabelStyle_ID reference="id"/>
            <AD_FieldStyle_ID reference="id"/>
            <IsQuickForm>N</IsQuickForm>
            <Placeholder/>
            <IsSelectionColumn/>
            <AD_Val_Rule_Lookup_ID reference="id"/>
            <ColumnSQL/>
            <AD_Field_Trl type="translation">
                <Description>Ayuda; Comentario o Sugerencia</Description>
                <Help>El campo ayuda contiene una sugerencia; comentario o ayuda acerca del uso de esta partida</Help>
                <Name>Ayuda</Name>
                <Placeholder/>
                <AD_Language>es_CO</AD_Language>
                <IsActive>Y</IsActive>
                <IsTranslated>Y</IsTranslated>
            </AD_Field_Trl>
        </AD_Field>
        <AD_Field type="table">
            <AD_Client_ID>0</AD_Client_ID>
            <AD_Org_ID>0</AD_Org_ID>
            <Name>Active</Name>
            <Description>The record is active in the system</Description>
            <Help>There are two methods of making records unavailable in the system: One is to delete the record, the other is to de-activate the record. A de-activated record is not available for selection, but available for reports.
There are two reasons for de-activating and not deleting records:
(1) The system requires the record for audit purposes.
(2) The record is referenced by other records. E.g., you cannot delete a Business Partner, if there are invoices for this partner record existing. You de-activate the Business Partner and prevent that this record is used for future entries.</Help>
            <AD_Tab_ID reference="uuid" reference-key="AD_Tab">eac87055-6b78-4bf1-adec-31538af368c7</AD_Tab_ID>
            <AD_Column_ID reference="uuid" reference-key="AD_Column">30f4bf4d-5417-4206-8104-887b4dc1cad6</AD_Column_ID>
            <IsDisplayed>Y</IsDisplayed>
            <DisplayLogic/>
            <DisplayLength>1</DisplayLength>
            <SeqNo>130</SeqNo>
            <SortNo/>
            <IsSameLine>N</IsSameLine>
            <IsHeading>N</IsHeading>
            <IsFieldOnly>N</IsFieldOnly>
            <IsEncrypted>N</IsEncrypted>
            <AD_Org_ID reference="id">0</AD_Org_ID>
            <IsActive>Y</IsActive>
            <IsReadOnly>N</IsReadOnly>
            <IsCentrallyMaintained>Y</IsCentrallyMaintained>
            <AD_FieldGroup_ID reference="id"/>
            <EntityType>ING_Payroll</EntityType>
            <ObscureType/>
            <AD_Reference_ID reference="id"/>
            <IsMandatory/>
            <DefaultValue/>
            <AD_Reference_Value_ID reference="id"/>
            <AD_Val_Rule_ID reference="id"/>
            <Included_Tab_ID reference="id"/>
            <AD_Field_UU>6ca5339f-955b-4346-8d0f-137e82cd1c2c</AD_Field_UU>
            <IsAllowCopy/>
            <IsDisplayedGrid>Y</IsDisplayedGrid>
            <SeqNoGrid>80</SeqNoGrid>
            <XPosition>2</XPosition>
            <ColumnSpan>2</ColumnSpan>
            <NumLines>1</NumLines>
            <IsQuickEntry>N</IsQuickEntry>
            <IsUpdateable/>
            <IsAlwaysUpdateable/>
            <MandatoryLogic/>
            <ReadOnlyLogic/>
            <IsToolbarButton/>
            <IsDefaultFocus>N</IsDefaultFocus>
            <IsAdvancedField>N</IsAdvancedField>
            <VFormat/>
            <AD_LabelStyle_ID reference="id"/>
            <AD_FieldStyle_ID reference="id"/>
            <IsQuickForm>N</IsQuickForm>
            <Placeholder/>
            <IsSelectionColumn/>
            <AD_Val_Rule_Lookup_ID reference="id"/>
            <ColumnSQL/>
            <AD_Field_Trl type="translation">
                <Description>El registro está activo en el sistema</Description>
                <Help>Hay dos métodos para que los registros no estén disponibles en el sistema: Uno es eliminar el registro; el otro es desactivarlo. Un registro desactivado no está disponible para selección; pero está disponible para Informes</Help>
                <Name>Activo</Name>
                <Placeholder/>
                <AD_Language>es_CO</AD_Language>
                <IsActive>Y</IsActive>
                <IsTranslated>Y</IsTranslated>
            </AD_Field_Trl>
        </AD_Field>
    </AD_Menu>
</idempiere>
