<?xml version="1.0" encoding="UTF-8"?><idempiere Name="AD_SysConfig" Version="1.0.0" idempiereVersion="9.0.0.202109210808" DataBaseVersion="2020-12-20" Description="" Author="SuperUser" AuthorEmail="superuser @ idempiere.com" CreatedDate="Tue Oct 05 09:44:33 VET 2021" UpdatedDate="Tue Oct 05 09:44:33 VET 2021" PackOutVersion="100" UpdateDictionary="true" Client="1000000-Grupo Botalon-Grupo Botalon" AD_Client_UU="834c6fa5-5586-451e-803f-d0406d05fbdb">
    <AD_SysConfig type="table">
        <AD_Org_ID>0</AD_Org_ID>
        <AD_Org_ID reference="id">0</AD_Org_ID>
        <IsActive>Y</IsActive>
        <Name>C_BPartner_RRHH_ID</Name>
        <Value>0</Value>
        <Description/>
        <EntityType>U</EntityType>
        <ConfigurationLevel>C</ConfigurationLevel>
        <AD_SysConfig_UU>b4d73b99-6e84-4658-a4f6-2326316d1424</AD_SysConfig_UU>
    </AD_SysConfig>
</idempiere>
