<?xml version="1.0" encoding="UTF-8"?><idempiere Name="AD_Process" Version="1.0.0" idempiereVersion="8.2.0.qualifier" DataBaseVersion="2020-12-20" Description="" Author="SuperUser" AuthorEmail="superuser @ idempiere.com" CreatedDate="Wed Aug 25 23:38:12 VET 2021" UpdatedDate="Wed Aug 25 23:38:12 VET 2021" PackOutVersion="100" UpdateDictionary="true" Client="0-SYSTEM-System" AD_Client_UU="11237b53-9592-4af1-b3c5-afd216514b5d">
    <AD_Process type="table">
        <AD_Client_ID>0</AD_Client_ID>
        <AD_Org_ID>0</AD_Org_ID>
        <AD_Org_ID reference="id">0</AD_Org_ID>
        <IsActive>Y</IsActive>
        <Name>HR Generate lines Incidents</Name>
        <Description/>
        <Help/>
        <ProcedureName/>
        <IsReport>N</IsReport>
        <Value>10000000</Value>
        <IsDirectPrint>N</IsDirectPrint>
        <AD_ReportView_ID reference="id"/>
        <Classname>com.ingeint.process.GenerateLinesIncidents</Classname>
        <AccessLevel>3</AccessLevel>
        <EntityType>ING_Payroll</EntityType>
        <Statistic_Count>58</Statistic_Count>
        <Statistic_Seconds>1510</Statistic_Seconds>
        <AD_PrintFormat_ID reference="id"/>
        <WorkflowValue/>
        <AD_Workflow_ID reference="id"/>
        <IsBetaFunctionality>N</IsBetaFunctionality>
        <ShowHelp>Y</ShowHelp>
        <JasperReport/>
        <AD_Form_ID reference="id"/>
        <CopyFromProcess>N</CopyFromProcess>
        <AD_Process_UU>aa6430fc-e358-4794-bcf0-03d7c36fbf23</AD_Process_UU>
        <AD_CtxHelp_ID reference="id"/>
        <ExecutionType/>
        <AllowMultipleExecution>P</AllowMultipleExecution>
        <AD_Process_Trl type="translation">
            <Description/>
            <Help/>
            <Name>Generar Lineas</Name>
            <AD_Language>es_CO</AD_Language>
            <IsActive>Y</IsActive>
            <IsTranslated>Y</IsTranslated>
        </AD_Process_Trl>
        <AD_Reference type="table">
            <AD_Reference_ID>19</AD_Reference_ID>
            <AD_Client_ID>0</AD_Client_ID>
            <AD_Org_ID>0</AD_Org_ID>
            <AD_Reference_ID>19</AD_Reference_ID>
            <Name>Table Direct</Name>
            <Description>Direct Table Access</Description>
            <Help/>
            <ValidationType>D</ValidationType>
            <AD_Org_ID reference="id">0</AD_Org_ID>
            <IsActive>Y</IsActive>
            <VFormat/>
            <EntityType>D</EntityType>
            <IsOrderByValue>N</IsOrderByValue>
            <AD_Reference_UU>85767149-7019-4224-a8d0-41f0d9d77d47</AD_Reference_UU>
            <AD_Element_ID reference="id"/>
            <AD_Reference_Trl type="translation">
                <Description>Acceso directo de tabla</Description>
                <Help/>
                <Name>Tabla Directa</Name>
                <AD_Language>es_CO</AD_Language>
                <IsActive>Y</IsActive>
                <IsTranslated>Y</IsTranslated>
            </AD_Reference_Trl>
        </AD_Reference>
        <AD_Element type="table">
            <AD_Client_ID>0</AD_Client_ID>
            <AD_Org_ID>0</AD_Org_ID>
            <AD_Org_ID reference="id">0</AD_Org_ID>
            <IsActive>Y</IsActive>
            <ColumnName>HR_Shifts_ID</ColumnName>
            <Name>Shifts for Employee</Name>
            <Description/>
            <Help/>
            <PrintName>Shifts for Employee</PrintName>
            <PO_Description/>
            <PO_Help/>
            <PO_Name/>
            <PO_PrintName/>
            <EntityType>ING_Payroll</EntityType>
            <AD_Element_UU>c8c70456-733c-4506-90d8-c721f1c4bdc6</AD_Element_UU>
            <Placeholder/>
            <AD_Element_Trl type="translation">
                <Description/>
                <Help/>
                <Name>Turno de empleado</Name>
                <Placeholder/>
                <PO_Description/>
                <PO_Help/>
                <PO_Name/>
                <PO_PrintName/>
                <PrintName>Turno de empleado</PrintName>
                <AD_Language>es_CO</AD_Language>
                <IsActive>Y</IsActive>
                <IsTranslated>Y</IsTranslated>
            </AD_Element_Trl>
        </AD_Element>
        <AD_Process_Para type="table">
            <AD_Client_ID>0</AD_Client_ID>
            <AD_Org_ID>0</AD_Org_ID>
            <AD_Org_ID reference="id">0</AD_Org_ID>
            <IsActive>Y</IsActive>
            <Name>Shifts for Employee</Name>
            <Description/>
            <Help/>
            <AD_Process_ID reference="uuid" reference-key="AD_Process">aa6430fc-e358-4794-bcf0-03d7c36fbf23</AD_Process_ID>
            <SeqNo>10</SeqNo>
            <AD_Reference_ID reference="id">19</AD_Reference_ID>
            <AD_Reference_Value_ID reference="id"/>
            <IsRange>N</IsRange>
            <AD_Val_Rule_ID reference="id"/>
            <FieldLength>10</FieldLength>
            <IsMandatory>N</IsMandatory>
            <DefaultValue/>
            <VFormat/>
            <ValueMin/>
            <ValueMax/>
            <ColumnName>HR_Shifts_ID</ColumnName>
            <DefaultValue2/>
            <IsCentrallyMaintained>Y</IsCentrallyMaintained>
            <EntityType>ING_Payroll</EntityType>
            <AD_Element_ID reference="uuid" reference-key="AD_Element">c8c70456-733c-4506-90d8-c721f1c4bdc6</AD_Element_ID>
            <ReadOnlyLogic/>
            <DisplayLogic/>
            <AD_Process_Para_UU>371d7e7c-5d58-4a9e-a11d-2c50f4f0e355</AD_Process_Para_UU>
            <IsEncrypted>N</IsEncrypted>
            <MandatoryLogic/>
            <Placeholder/>
            <Placeholder2/>
            <IsAutocomplete>N</IsAutocomplete>
            <AD_Process_Para_Trl type="translation">
                <Description/>
                <Help/>
                <Name>Turno de empleado</Name>
                <Placeholder/>
                <Placeholder2/>
                <AD_Language>es_CO</AD_Language>
                <IsActive>Y</IsActive>
                <IsTranslated>Y</IsTranslated>
            </AD_Process_Para_Trl>
        </AD_Process_Para>
    </AD_Process>
    <AD_Process type="table">
        <AD_Client_ID>0</AD_Client_ID>
        <AD_Org_ID>0</AD_Org_ID>
        <AD_Org_ID reference="id">0</AD_Org_ID>
        <IsActive>Y</IsActive>
        <Name>HR Create Attribute from shifts</Name>
        <Description/>
        <Help/>
        <ProcedureName/>
        <IsReport>N</IsReport>
        <Value>10000000</Value>
        <IsDirectPrint>N</IsDirectPrint>
        <AD_ReportView_ID reference="id"/>
        <Classname>com.ingeint.process.CreateAttributeFromShifts</Classname>
        <AccessLevel>3</AccessLevel>
        <EntityType>ING_Payroll</EntityType>
        <Statistic_Count>6</Statistic_Count>
        <Statistic_Seconds>88</Statistic_Seconds>
        <AD_PrintFormat_ID reference="id"/>
        <WorkflowValue/>
        <AD_Workflow_ID reference="id"/>
        <IsBetaFunctionality>N</IsBetaFunctionality>
        <ShowHelp>Y</ShowHelp>
        <JasperReport/>
        <AD_Form_ID reference="id"/>
        <CopyFromProcess>N</CopyFromProcess>
        <AD_Process_UU>757cbcd0-03f8-4461-aea7-7ef7eae87ec9</AD_Process_UU>
        <AD_CtxHelp_ID reference="id"/>
        <ExecutionType/>
        <AllowMultipleExecution>P</AllowMultipleExecution>
        <AD_Process_Trl type="translation">
            <Description/>
            <Help/>
            <Name>Crear Atributos desde Turnos</Name>
            <AD_Language>es_CO</AD_Language>
            <IsActive>Y</IsActive>
            <IsTranslated>Y</IsTranslated>
        </AD_Process_Trl>
    </AD_Process>
    <AD_ToolBarButton type="table">
        <AD_Client_ID>0</AD_Client_ID>
        <AD_Org_ID>0</AD_Org_ID>
        <AD_Org_ID reference="id">0</AD_Org_ID>
        <ComponentName>Crear Atributos desde Turnos</ComponentName>
        <IsActive>Y</IsActive>
        <Name>Crear Atributos desde Turnos</Name>
        <IsCustomization>N</IsCustomization>
        <ActionClassName/>
        <ActionName/>
        <KeyStroke_KeyCode/>
        <KeyStroke_Modifiers/>
        <AD_ToolBarButton_UU>65ea493e-bf28-4c40-a2aa-784d47c447e7</AD_ToolBarButton_UU>
        <Action>W</Action>
        <AD_Tab_ID reference="uuid" reference-key="AD_Tab">307c1421-2f0e-4345-972f-292bd9b5bf16</AD_Tab_ID>
        <AD_Process_ID reference="uuid" reference-key="AD_Process">757cbcd0-03f8-4461-aea7-7ef7eae87ec9</AD_Process_ID>
        <DisplayLogic>@Processed@='N'</DisplayLogic>
        <SeqNo>20</SeqNo>
        <IsAdvancedButton>N</IsAdvancedButton>
        <IsAddSeparator>N</IsAddSeparator>
        <EntityType>ING_Payroll</EntityType>
        <IsShowMore>N</IsShowMore>
    </AD_ToolBarButton>
    <AD_ToolBarButton type="table">
        <AD_Client_ID>0</AD_Client_ID>
        <AD_Org_ID>0</AD_Org_ID>
        <AD_Org_ID reference="id">0</AD_Org_ID>
        <ComponentName>Generar Lineas</ComponentName>
        <IsActive>Y</IsActive>
        <Name>Generar Lineas</Name>
        <IsCustomization>N</IsCustomization>
        <ActionClassName/>
        <ActionName/>
        <KeyStroke_KeyCode/>
        <KeyStroke_Modifiers/>
        <AD_ToolBarButton_UU>e76ea16a-eb39-4031-a6ad-2b05a64e017b</AD_ToolBarButton_UU>
        <Action>W</Action>
        <AD_Tab_ID reference="uuid" reference-key="AD_Tab">307c1421-2f0e-4345-972f-292bd9b5bf16</AD_Tab_ID>
        <AD_Process_ID reference="uuid" reference-key="AD_Process">aa6430fc-e358-4794-bcf0-03d7c36fbf23</AD_Process_ID>
        <DisplayLogic>@Processed@='N'</DisplayLogic>
        <SeqNo>10</SeqNo>
        <IsAdvancedButton>N</IsAdvancedButton>
        <IsAddSeparator>N</IsAddSeparator>
        <EntityType>ING_Payroll</EntityType>
        <IsShowMore>N</IsShowMore>
    </AD_ToolBarButton>
    <AD_Column type="table">
        <IsSyncDatabase>Y</IsSyncDatabase>
        <AD_Table_ID reference="id">53087</AD_Table_ID>
        <AD_Reference_Value_ID reference="id"/>
        <AD_Client_ID>0</AD_Client_ID>
        <AD_Org_ID>0</AD_Org_ID>
        <Version>0</Version>
        <Name>Employee Incidents</Name>
        <Description/>
        <Help/>
        <AD_Val_Rule_ID reference="id"/>
        <ColumnName>HR_Employee_Incidents_ID</ColumnName>
        <DefaultValue/>
        <FieldLength>10</FieldLength>
        <IsKey>N</IsKey>
        <IsParent>N</IsParent>
        <IsMandatory>N</IsMandatory>
        <IsTranslated>N</IsTranslated>
        <IsIdentifier>N</IsIdentifier>
        <SeqNo>0</SeqNo>
        <IsEncrypted>N</IsEncrypted>
        <AD_Reference_ID reference="id">19</AD_Reference_ID>
        <AD_Org_ID reference="id">0</AD_Org_ID>
        <IsActive>Y</IsActive>
        <VFormat/>
        <Callout/>
        <AD_Element_ID reference="uuid" reference-key="AD_Element">3909c27b-2d02-4320-84d3-c04291c2106d</AD_Element_ID>
        <IsUpdateable>N</IsUpdateable>
        <AD_Process_ID reference="id"/>
        <ValueMin/>
        <ValueMax/>
        <IsSelectionColumn>N</IsSelectionColumn>
        <ReadOnlyLogic/>
        <EntityType>ING_Payroll</EntityType>
        <IsAlwaysUpdateable>N</IsAlwaysUpdateable>
        <ColumnSQL/>
        <MandatoryLogic/>
        <IsAutocomplete>N</IsAutocomplete>
        <IsAllowLogging>Y</IsAllowLogging>
        <FormatPattern/>
        <AD_Chart_ID reference="id"/>
        <AD_Column_UU>3ade2f98-93a6-4a7b-b48f-91f6fc72a917</AD_Column_UU>
        <IsAllowCopy>Y</IsAllowCopy>
        <SeqNoSelection>0</SeqNoSelection>
        <IsToolbarButton>N</IsToolbarButton>
        <IsSecure>N</IsSecure>
        <FKConstraintName>HREmployeeIncidents_HRAttribut</FKConstraintName>
        <FKConstraintType>N</FKConstraintType>
        <PA_DashboardContent_ID reference="id"/>
        <Placeholder/>
        <IsHtml>N</IsHtml>
        <AD_Val_Rule_Lookup_ID reference="id"/>
    </AD_Column>
    <AD_Field type="table">
        <AD_Client_ID>0</AD_Client_ID>
        <AD_Org_ID>0</AD_Org_ID>
        <Name>Employee Incidents</Name>
        <Description/>
        <Help/>
        <AD_Tab_ID reference="id">53113</AD_Tab_ID>
        <AD_Column_ID reference="uuid" reference-key="AD_Column">3ade2f98-93a6-4a7b-b48f-91f6fc72a917</AD_Column_ID>
        <IsDisplayed>Y</IsDisplayed>
        <DisplayLogic/>
        <DisplayLength>10</DisplayLength>
        <SeqNo>240</SeqNo>
        <SortNo/>
        <IsSameLine>N</IsSameLine>
        <IsHeading>N</IsHeading>
        <IsFieldOnly>N</IsFieldOnly>
        <IsEncrypted>N</IsEncrypted>
        <AD_Org_ID reference="id">0</AD_Org_ID>
        <IsActive>Y</IsActive>
        <IsReadOnly>N</IsReadOnly>
        <IsCentrallyMaintained>Y</IsCentrallyMaintained>
        <AD_FieldGroup_ID reference="id"/>
        <EntityType>ING_Payroll</EntityType>
        <ObscureType/>
        <AD_Reference_ID reference="id"/>
        <IsMandatory/>
        <DefaultValue/>
        <AD_Reference_Value_ID reference="id"/>
        <AD_Val_Rule_ID reference="id"/>
        <Included_Tab_ID reference="id"/>
        <AD_Field_UU>02a389fa-f6c0-469c-9195-7596512c64d0</AD_Field_UU>
        <IsAllowCopy/>
        <IsDisplayedGrid>Y</IsDisplayedGrid>
        <SeqNoGrid>240</SeqNoGrid>
        <XPosition>1</XPosition>
        <ColumnSpan>2</ColumnSpan>
        <NumLines>1</NumLines>
        <IsQuickEntry>N</IsQuickEntry>
        <IsUpdateable/>
        <IsAlwaysUpdateable/>
        <MandatoryLogic/>
        <ReadOnlyLogic/>
        <IsToolbarButton/>
        <IsDefaultFocus>N</IsDefaultFocus>
        <IsAdvancedField>N</IsAdvancedField>
        <VFormat/>
        <AD_LabelStyle_ID reference="id"/>
        <AD_FieldStyle_ID reference="id"/>
        <IsQuickForm>N</IsQuickForm>
        <Placeholder/>
        <IsSelectionColumn/>
        <AD_Val_Rule_Lookup_ID reference="id"/>
        <ColumnSQL/>
        <AD_Field_Trl type="translation">
            <Description/>
            <Help/>
            <Name>Incidencia de empleado</Name>
            <Placeholder/>
            <AD_Language>es_CO</AD_Language>
            <IsActive>Y</IsActive>
            <IsTranslated>Y</IsTranslated>
        </AD_Field_Trl>
    </AD_Field>
</idempiere>
