<?xml version="1.0" encoding="UTF-8"?><idempiere Name="2Pack_5.4.3" Version="2Pack_5.4.3" idempiereVersion="" DataBaseVersion="" Description="" Author="" AuthorEmail="" CreatedDate="2021-10-05 15:00:09.73" UpdatedDate="2021-10-05 15:29:23.055" PackOutVersion="100" UpdateDictionary="false" Client="0-SYSTEM-System" AD_Client_UU="11237b53-9592-4af1-b3c5-afd216514b5d">
    <SQLStatement type="custom">
        <DBType>Postgres</DBType>
        <statement>
            <![CDATA[CREATE OR REPLACE FUNCTION adempiere.sis_mesaletras(value1 numeric)
 RETURNS character varying
 LANGUAGE plpgsql
AS $function$
DECLARE

 --registro record;
 --v_dateend timestamp;
 v_mesletras character varying;
BEGIN
   BEGIN
    select case value1
           when 1 then 'Enero'
           when 2 then 'Febrero'
           when 3 then 'Marzo'
           when 4 then 'Abril'
           when 5 then 'Mayo'
           when 6 then 'Junio'
           when 7 then 'Julio'
           when 8 then 'Agosto'
           when 9 then 'Septiembre'
           when 10 then 'Octubre'
           when 11 then 'Noviembre'
           when 12 then 'Diciembre'

          end
          into v_mesletras;
           

EXCEPTION
  WHEN OTHERS THEN
         --DBMS_OUTPUT.PUT_LINE('InvoiceOpen - ' || SQLERRM);
   RETURN NULL;
 END;
 
 RETURN (v_mesletras);
 
END;
$function$
;]]>
        </statement>
    </SQLStatement>
    <SQLStatement type="custom">
        <DBType>Postgres</DBType>
        <statement>
            <![CDATA[CREATE OR REPLACE FUNCTION adempiere.sis_antiguedadfecha(p_enddate timestamp without time zone, p_startdate timestamp without time zone)
 RETURNS character varying
 LANGUAGE plpgsql
AS $function$
DECLARE

--select (date_trunc('month', cast('2010-03-01' as date)) + interval '1 month') - interval '1 day' --ultimo día del mes de la fecha dada
--select (date_trunc('month', cast('2010-05-31' as date)) - interval '1 month') + interval '1 month' - interval '1 day' --ultimo día del mes de la fecha dada --obtiene el ultimo día del mes anterior
 
 v_antiguedad character varying;
 
BEGIN
 
 BEGIN
 
 IF p_enddate is null THEN
  select age(now(),p_startdate) INTO v_antiguedad;
  
  ELSE
  select age(p_enddate,p_startdate) INTO v_antiguedad;
 END IF;
 
 
 
 
 EXCEPTION
  WHEN OTHERS THEN
         --DBMS_OUTPUT.PUT_LINE('InvoiceOpen - ' || SQLERRM);
   RETURN NULL;
 END;
 
 RETURN (v_antiguedad);
 
END;
$function$
;]]>
        </statement>
    </SQLStatement>
    <SQLStatement type="custom">
        <DBType>Postgres</DBType>
        <statement>
            <![CDATA[CREATE OR REPLACE FUNCTION adempiere.getcurrentsalarypertunr(partner_id numeric, conceptvaluesalary text, _currency_id numeric, _currency_to_id numeric, _ad_client_id numeric, _ad_org_id numeric, _daterate timestamp without time zone)
 RETURNS numeric
 LANGUAGE plpgsql
AS $function$
declare
vSalary numeric;
vSalaryT numeric;
schema_currency_id numeric;

BEGIN

vSalary := 0;
vSalaryT := 0;

 SELECT coalesce((at.Amount),0)
 INTO vSalary
 FROM HR_Attribute at
  JOIN HR_Concept c on c.HR_Concept_ID = at. HR_Concept_ID
 WHERE c.value = conceptValueSalary
  and at.c_bpartner_id = Partner_ID
  and at.isactive = 'Y'
  and at.validto isnull
 order by at.validfrom DESC ;


 if (_currency_id != _currency_to_id) then
  vSalaryT = adempiere.currencyconvert(vSalary, _currency_id, _currency_to_id, _daterate, 0, _ad_client_id, _ad_org_id);
 else
     vSalaryT = vSalary;
   end if;
 
RETURN ROUND(vSalaryT,2);
END;
$function$
;]]>
        </statement>
    </SQLStatement>
    <SQLStatement type="custom">
        <DBType>Postgres</DBType>
        <statement>
            <![CDATA[CREATE OR REPLACE FUNCTION adempiere.lve_convnumberletter(num numeric)
 RETURNS character varying
 LANGUAGE plpgsql
AS $function$
-- Función que devuelve la cadena de texto en castellano que corresponde a un número.
-- Parámetros: número con 2 decimales, máximo 999.999.999,99.
 
DECLARE
 d VARCHAR[];
 f VARCHAR[];
 g VARCHAR[];
 numt VARCHAR;
 txt VARCHAR;
 a INTEGER;
 a1 INTEGER;
 a2 INTEGER;
 n INTEGER;
 p INTEGER;
 negativo BOOLEAN;
BEGIN
 -- Máximo 999.999.999,99
 IF num > 999999999.99 THEN
  RETURN '---';
 END IF;
 txt = '';
 d = ARRAY[' un',' dos',' tres',' cuatro',' cinco',' seis',' siete',' ocho',' nueve',' diez',' once',' doce',' trece',' catorce',' quince',
  ' dieciseis',' diecisiete',' dieciocho',' diecinueve',' veinte',' veintiun',' veintidos', ' veintitres', ' veinticuatro', ' veinticinco',
  ' veintiseis',' veintisiete',' veintiocho',' veintinueve'];
 f = ARRAY ['','',' treinta',' cuarenta',' cincuenta',' sesenta',' setenta',' ochenta', ' noventa'];
 g= ARRAY [' ciento',' doscientos',' trescientos',' cuatrocientos',' quinientos',' seiscientos',' setecientos',' ochocientos',' novecientos'];
 numt = LPAD((num::numeric(12,2))::text,12,'0');
 IF strpos(numt,'-') > 0 THEN
    negativo = TRUE;
 ELSE
    negativo = FALSE;
 END IF;
 numt = TRANSLATE(numt,'-','0');
 numt = TRANSLATE(numt,'.,','');
 -- Trato 4 grupos: millones, miles, unidades y decimales
 p = 1;
 FOR i IN 1..4 LOOP
  IF i < 4 THEN
   n = substring(numt::text FROM p FOR 3);
  ELSE
   n = substring(numt::text FROM p FOR 2);
  END IF;
  p = p + 3;
  IF i = 4 THEN
   IF txt = '' THEN
    txt = ' cero';
   END IF;
   IF n > 0 THEN
   -- Empieza con los decimales
    txt = txt || ', con ';
   END IF;
  END IF;
  -- Centenas
  IF n > 99 THEN
   a = substring(n::text FROM 1 FOR 1);
   a1 = substring(n::text FROM 2 FOR 2);
   IF a = 1 THEN
    IF a1 = 0 THEN
     txt = txt || ' cien';
    ELSE
     txt = txt || ' ciento';
    END IF;
   ELSE
    txt = txt || g[a];
   END IF;
  ELSE
   a1 = n;
  END IF;
  -- Decenas
  a = a1;
  IF a > 0 THEN
   IF a < 30 THEN
    IF a = 21 AND (i = 3 OR i = 4) THEN
     txt = txt || ' veintiuno';
    ELSIF n = 1 AND i = 2 THEN
     txt = txt;
    ELSIF a = 1 AND (i = 3 OR i = 4)THEN
     txt = txt || ' uno';
    ELSE
     txt = txt || d[a];
    END IF;
   ELSE
    a1 = substring(a::text FROM 1 FOR 1);
    a2 = substring(a::text FROM 2 FOR 1);
    IF a2 = 1 AND (i = 3 OR i = 4) THEN
      txt = txt || f[a1] || ' y' || ' uno';
    ELSE
     IF a2 <> 0 THEN
      txt = txt || f[a1] || ' y' || d[a2];
     ELSE
      txt = txt || f[a1];
     END IF;
    END IF;
   END IF;
  END IF;
  IF n > 0 THEN
   IF i = 1 THEN
    IF n = 1 THEN
     txt = txt || ' millón';
    ELSE
     txt = txt || ' millones';
    END IF;
   ELSIF i = 2 THEN
    txt = txt || ' mil';
   END IF;
  END IF;
 END LOOP;
 txt = LTRIM(txt);
 IF negativo = TRUE THEN
    txt= '-' || txt;
 END IF;
    RETURN txt;
END;
$function$
;]]>
        </statement>
    </SQLStatement>
    <SQLStatement type="custom">
        <DBType>Postgres</DBType>
        <statement>
            <![CDATA[CREATE OR REPLACE FUNCTION adempiere.f_convnl(num numeric)
 RETURNS character varying
 LANGUAGE plpgsql
AS $function$
-- Función que devuelve la cadena de texto en castellano que corresponde a un número.
-- Parámetros: número con 2 decimales, máximo 999.999.999,99.

DECLARE	
	d varchar[];
	f varchar[];
	g varchar[];
	numt varchar;
	txt varchar;
	a integer;
	a1 integer;
	a2 integer;
	n integer;
	p integer;
	negativo boolean;
BEGIN
	-- Máximo 999.999.999,99
	if num > 999999999.99 then
		return '---';
	end if;
	txt = '';
	d = array[' un',' dos',' tres',' cuatro',' cinco',' seis',' siete',' ocho',' nueve',' diez',' once',' doce',' trece',' catorce',' quince',
		' dieciseis',' diecisiete',' dieciocho',' diecinueve',' veinte',' veintiun',' veintidos', ' veintitres', ' veinticuatro', ' veinticinco',
		' veintiseis',' veintisiete',' veintiocho',' veintinueve'];
	f = array ['','',' treinta',' cuarenta',' cincuenta',' sesenta',' setenta',' ochenta', ' noventa'];
	g= array [' ciento',' doscientos',' trescientos',' cuatrocientos',' quinientos',' seiscientos',' setecientos',' ochocientos',' novecientos'];
	numt = lpad((num::numeric(12,2))::text,12,'0');
	if strpos(numt,'-') > 0 then
	   negativo = true;
	else
	   negativo = false;
	end if;
	numt = translate(numt,'-','0');
	numt = translate(numt,'.,','');
	-- Trato 4 grupos: millones, miles, unidades y decimales
	p = 1;
	for i in 1..4 loop
		if i < 4 then
			n = substring(numt::text from p for 3);
		else
			n = substring(numt::text from p for 2);
		end if;
		p = p + 3;
		if i = 4 then
			if txt = '' then
				txt = ' cero';
			end if;
			if n > 0 then
			-- Empieza con los decimales
				txt = txt || ' con';
			end if;
		end if;
		-- Centenas 
		if n > 99 then
			a = substring(n::text from 1 for 1);
			a1 = substring(n::text from 2 for 2);
			if a = 1 then
				if a1 = 0 then
					txt = txt || ' cien';
				else
					txt = txt || ' ciento';
				end if;
			else
				txt = txt || g[a];
			end if;
		else
			a1 = n;
		end if;
		-- Decenas
		a = a1;
		if a > 0 then
			if a < 30 then
				if a = 21 and (i = 3 or i = 4) then
					txt = txt || ' veintiuno';
				elsif n = 1 and i = 2 then
					txt = txt; 
				elsif a = 1 and (i = 3 or i = 4)then
					txt = txt || ' uno';
				else
					txt = txt || d[a];
				end if;
			else
				a1 = substring(a::text from 1 for 1);
				a2 = substring(a::text from 2 for 1);
				if a2 = 1 and (i = 3 or i = 4) then
						txt = txt || f[a1] || ' y' || ' uno';
				else
					if a2 <> 0 then
						txt = txt || f[a1] || ' y' || d[a2];
					else
						txt = txt || f[a1];
					end if;
				end if;
			end if;
		end if;
		if n > 0 then
			if i = 1 then
				if n = 1 then
					txt = txt || ' millón';
				else
					txt = txt || ' millones';
				end if;
			elsif i = 2 then
				txt = txt || ' mil';
			end if;		
		end if;
	end loop;
	txt = ltrim(txt);
	if negativo = true then
	   txt= '-' || txt;
	end if;
    RETURN txt;
END;
$function$
;]]>
        </statement>
    </SQLStatement>
    <AD_Menu type="table">
        <Parent_ID reference="uuid" reference-key="AD_Menu">d78a0988-9033-4ee7-bb9e-8408cf46b95d</Parent_ID>
        <SeqNo>0</SeqNo>
        <AD_Client_ID>0</AD_Client_ID>
        <AD_Org_ID>0</AD_Org_ID>
        <Name>Constancia_de_trabajo</Name>
        <Description/>
        <Action>R</Action>
        <AD_Window_ID reference="id"/>
        <AD_Workflow_ID reference="id"/>
        <AD_Task_ID reference="id"/>
        <AD_Org_ID reference="id">0</AD_Org_ID>
        <IsActive>Y</IsActive>
        <IsSummary>N</IsSummary>
        <AD_Process_ID reference="uuid" reference-key="AD_Process">7377fa20-3c8f-4215-8999-3af1336228f0</AD_Process_ID>
        <IsSOTrx>Y</IsSOTrx>
        <AD_Form_ID reference="id"/>
        <IsReadOnly>N</IsReadOnly>
        <EntityType>dcs</EntityType>
        <IsCentrallyMaintained>Y</IsCentrallyMaintained>
        <AD_Menu_UU>82fd40bb-639d-42cb-852e-4af5c44afd20</AD_Menu_UU>
        <AD_InfoWindow_ID reference="id"/>
        <PredefinedContextVariables/>
        <AD_Menu_Trl type="translation">
            <Description/>
            <Name>Constancia de Trabajo</Name>
            <AD_Language>es_CO</AD_Language>
            <IsActive>Y</IsActive>
            <IsTranslated>N</IsTranslated>
        </AD_Menu_Trl>
        <AD_Attachment type="table">
            <AD_Client_ID>0</AD_Client_ID>
            <AD_Org_ID>0</AD_Org_ID>
            <AD_Org_ID reference="id">0</AD_Org_ID>
            <IsActive>Y</IsActive>
            <AD_Table_ID reference="id">284</AD_Table_ID>
            <Record_ID reference="uuid" reference-key="AD_Process">7377fa20-3c8f-4215-8999-3af1336228f0</Record_ID>
            <BinaryData>1.dat|byte[]</BinaryData>
            <Title>zip</Title>
            <TextMsg/>
            <AD_Attachment_UU>ead8300b-04cb-4bef-b84e-e5f1f0862281</AD_Attachment_UU>
            <AD_StorageProvider_ID reference="id"/>
        </AD_Attachment>
        <AD_Process type="table">
            <AD_Client_ID>0</AD_Client_ID>
            <AD_Org_ID>0</AD_Org_ID>
            <AD_Org_ID reference="id">0</AD_Org_ID>
            <IsActive>Y</IsActive>
            <Name>Constancia_de_trabajo</Name>
            <Description/>
            <Help/>
            <ProcedureName/>
            <IsReport>Y</IsReport>
            <Value>Constancia_de_trabajo</Value>
            <IsDirectPrint>N</IsDirectPrint>
            <AD_ReportView_ID reference="id"/>
            <Classname/>
            <AccessLevel>3</AccessLevel>
            <EntityType>dcs</EntityType>
            <Statistic_Count>0</Statistic_Count>
            <Statistic_Seconds>0</Statistic_Seconds>
            <AD_PrintFormat_ID reference="id"/>
            <WorkflowValue/>
            <AD_Workflow_ID reference="id"/>
            <IsBetaFunctionality>N</IsBetaFunctionality>
            <ShowHelp>Y</ShowHelp>
            <JasperReport>attachment:Constancia_de_trabajo.jasper</JasperReport>
            <AD_Form_ID reference="id"/>
            <CopyFromProcess>N</CopyFromProcess>
            <AD_Process_UU>7377fa20-3c8f-4215-8999-3af1336228f0</AD_Process_UU>
            <AD_CtxHelp_ID reference="id"/>
            <ExecutionType/>
            <AllowMultipleExecution>P</AllowMultipleExecution>
            <AD_Process_Trl type="translation">
                <Description/>
                <Help/>
                <Name>Constancia de Trabajo</Name>
                <AD_Language>es_CO</AD_Language>
                <IsActive>Y</IsActive>
                <IsTranslated>Y</IsTranslated>
            </AD_Process_Trl>
            <AD_Reference type="table">
                <AD_Reference_ID>30</AD_Reference_ID>
                <AD_Client_ID>0</AD_Client_ID>
                <AD_Org_ID>0</AD_Org_ID>
                <AD_Reference_ID>30</AD_Reference_ID>
                <Name>Search</Name>
                <Description>Search Field</Description>
                <Help/>
                <ValidationType>D</ValidationType>
                <AD_Org_ID reference="id">0</AD_Org_ID>
                <IsActive>Y</IsActive>
                <VFormat/>
                <EntityType>ING_Payroll</EntityType>
                <IsOrderByValue>N</IsOrderByValue>
                <AD_Reference_UU>199e084e-6ad2-4bcd-8f5e-fdd08f4c0748</AD_Reference_UU>
                <AD_Element_ID reference="id"/>
                <AD_Reference_Trl type="translation">
                    <Description>Campo de Búsqueda</Description>
                    <Help/>
                    <Name>Búsqueda</Name>
                    <AD_Language>es_CO</AD_Language>
                    <IsActive>Y</IsActive>
                    <IsTranslated>Y</IsTranslated>
                </AD_Reference_Trl>
            </AD_Reference>
            <AD_Process_Para type="table">
                <AD_Client_ID>0</AD_Client_ID>
                <AD_Org_ID>0</AD_Org_ID>
                <AD_Org_ID reference="id">0</AD_Org_ID>
                <IsActive>Y</IsActive>
                <Name>C_BPartner_ID</Name>
                <Description>Identifies a Business Partner</Description>
                <Help>A Business Partner is anyone with whom you transact.  This can include Vendor, Customer, Employee or Salesperson</Help>
                <AD_Process_ID reference="uuid" reference-key="AD_Process">7377fa20-3c8f-4215-8999-3af1336228f0</AD_Process_ID>
                <SeqNo>10</SeqNo>
                <AD_Reference_ID reference="id">30</AD_Reference_ID>
                <AD_Reference_Value_ID reference="id"/>
                <IsRange>N</IsRange>
                <AD_Val_Rule_ID reference="id"/>
                <FieldLength>0</FieldLength>
                <IsMandatory>Y</IsMandatory>
                <DefaultValue>@C_BPartner_ID@</DefaultValue>
                <VFormat/>
                <ValueMin/>
                <ValueMax/>
                <ColumnName>C_BPartner_ID</ColumnName>
                <DefaultValue2/>
                <IsCentrallyMaintained>Y</IsCentrallyMaintained>
                <EntityType>dcs</EntityType>
                <AD_Element_ID reference="id">187</AD_Element_ID>
                <ReadOnlyLogic/>
                <DisplayLogic/>
                <AD_Process_Para_UU>b721b7dc-e499-45d2-8316-03046df28c48</AD_Process_Para_UU>
                <IsEncrypted>N</IsEncrypted>
                <MandatoryLogic/>
                <Query/>
                <AD_FieldGroup_ID reference="id"/>
                <Placeholder/>
                <Placeholder2/>
                <IsAutocomplete>N</IsAutocomplete>
                <AD_Process_Para_Trl type="translation">
                    <Description>Identifies a Business Partner</Description>
                    <Help>A Business Partner is anyone with whom you transact.  This can include Vendor, Customer, Employee or Salesperson</Help>
                    <Name>Business Partner </Name>
                    <Placeholder/>
                    <Placeholder2/>
                    <AD_Language>es_CO</AD_Language>
                    <IsActive>Y</IsActive>
                    <IsTranslated>N</IsTranslated>
                </AD_Process_Para_Trl>
            </AD_Process_Para>
            <AD_Process_Para type="table">
                <AD_Client_ID>0</AD_Client_ID>
                <AD_Org_ID>0</AD_Org_ID>
                <AD_Org_ID reference="id">0</AD_Org_ID>
                <IsActive>Y</IsActive>
                <Name>Currency</Name>
                <Description>The Currency for this record</Description>
                <Help>Indicates the Currency to be used when processing or reporting on this record</Help>
                <AD_Process_ID reference="uuid" reference-key="AD_Process">7377fa20-3c8f-4215-8999-3af1336228f0</AD_Process_ID>
                <SeqNo>20</SeqNo>
                <AD_Reference_ID reference="id">19</AD_Reference_ID>
                <AD_Reference_Value_ID reference="id"/>
                <IsRange>N</IsRange>
                <AD_Val_Rule_ID reference="id"/>
                <FieldLength>0</FieldLength>
                <IsMandatory>Y</IsMandatory>
                <DefaultValue/>
                <VFormat/>
                <ValueMin/>
                <ValueMax/>
                <ColumnName>C_Currency_ID</ColumnName>
                <DefaultValue2/>
                <IsCentrallyMaintained>Y</IsCentrallyMaintained>
                <EntityType>dcs</EntityType>
                <AD_Element_ID reference="id">193</AD_Element_ID>
                <ReadOnlyLogic/>
                <DisplayLogic/>
                <AD_Process_Para_UU>d4d301cc-32e3-488b-a3fc-d95f686a521b</AD_Process_Para_UU>
                <IsEncrypted>N</IsEncrypted>
                <MandatoryLogic/>
                <Query/>
                <AD_FieldGroup_ID reference="id"/>
                <Placeholder/>
                <Placeholder2/>
                <IsAutocomplete>N</IsAutocomplete>
                <AD_Process_Para_Trl type="translation">
                    <Description>The Currency for this record</Description>
                    <Help>Indicates the Currency to be used when processing or reporting on this record</Help>
                    <Name>Currency</Name>
                    <Placeholder/>
                    <Placeholder2/>
                    <AD_Language>es_CO</AD_Language>
                    <IsActive>Y</IsActive>
                    <IsTranslated>N</IsTranslated>
                </AD_Process_Para_Trl>
            </AD_Process_Para>
            <AD_Process_Para type="table">
                <AD_Client_ID>0</AD_Client_ID>
                <AD_Org_ID>0</AD_Org_ID>
                <AD_Org_ID reference="id">0</AD_Org_ID>
                <IsActive>Y</IsActive>
                <Name>Transaction Date</Name>
                <Description>Transaction Date</Description>
                <Help>The Transaction Date indicates the date of the transaction.</Help>
                <AD_Process_ID reference="uuid" reference-key="AD_Process">7377fa20-3c8f-4215-8999-3af1336228f0</AD_Process_ID>
                <SeqNo>30</SeqNo>
                <AD_Reference_ID reference="id">15</AD_Reference_ID>
                <AD_Reference_Value_ID reference="id"/>
                <IsRange>N</IsRange>
                <AD_Val_Rule_ID reference="id"/>
                <FieldLength>0</FieldLength>
                <IsMandatory>Y</IsMandatory>
                <DefaultValue/>
                <VFormat/>
                <ValueMin/>
                <ValueMax/>
                <ColumnName>DateTrx</ColumnName>
                <DefaultValue2/>
                <IsCentrallyMaintained>Y</IsCentrallyMaintained>
                <EntityType>dcs</EntityType>
                <AD_Element_ID reference="id">1297</AD_Element_ID>
                <ReadOnlyLogic/>
                <DisplayLogic/>
                <AD_Process_Para_UU>1eff48b7-7763-4c05-84a1-33e55ea7c38f</AD_Process_Para_UU>
                <IsEncrypted>N</IsEncrypted>
                <MandatoryLogic/>
                <Query/>
                <AD_FieldGroup_ID reference="id"/>
                <Placeholder/>
                <Placeholder2/>
                <IsAutocomplete>N</IsAutocomplete>
                <AD_Process_Para_Trl type="translation">
                    <Description>Transaction Date</Description>
                    <Help>The Transaction Date indicates the date of the transaction.</Help>
                    <Name>Transaction Date</Name>
                    <Placeholder/>
                    <Placeholder2/>
                    <AD_Language>es_CO</AD_Language>
                    <IsActive>Y</IsActive>
                    <IsTranslated>N</IsTranslated>
                </AD_Process_Para_Trl>
            </AD_Process_Para>
        </AD_Process>
    </AD_Menu>
</idempiere>
