<?xml version="1.0" encoding="UTF-8"?><idempiere Name="2Pack_5.5.3" Version="2Pack_5.5.3" idempiereVersion="" DataBaseVersion="" Description="" Author="" AuthorEmail="jorge.pinero@ingeint.com" CreatedDate="2022-06-06 23:16:27.0" UpdatedDate="2022-06-06 23:16:27.0" PackOutVersion="100" UpdateDictionary="false" Client="0-SYSTEM-System" AD_Client_UU="11237b53-9592-4af1-b3c5-afd216514b5d">
    <AD_Process type="table">
        <AD_Client_ID>0</AD_Client_ID>
        <AD_Org_ID>0</AD_Org_ID>
        <AD_Org_ID reference="id">0</AD_Org_ID>
        <IsActive>Y</IsActive>
        <Name>Recreate Cumulated Movements</Name>
        <Description/>
        <Help/>
        <ProcedureName/>
        <IsReport>N</IsReport>
        <Value>RecreateCumulatedMovements</Value>
        <IsDirectPrint>N</IsDirectPrint>
        <AD_ReportView_ID reference="id"/>
        <Classname>com.ingeint.process.RecreateCumulatedMovements</Classname>
        <AccessLevel>3</AccessLevel>
        <EntityType>ING</EntityType>
        <Statistic_Count>2</Statistic_Count>
        <Statistic_Seconds>29</Statistic_Seconds>
        <AD_PrintFormat_ID reference="id"/>
        <WorkflowValue/>
        <AD_Workflow_ID reference="id"/>
        <IsBetaFunctionality>N</IsBetaFunctionality>
        <ShowHelp>Y</ShowHelp>
        <JasperReport/>
        <AD_Form_ID reference="id"/>
        <CopyFromProcess>N</CopyFromProcess>
        <AD_Process_UU>445a2acd-ac08-49d3-9d72-d9ecb216f43c</AD_Process_UU>
        <AD_CtxHelp_ID reference="id"/>
        <ExecutionType/>
        <AllowMultipleExecution>P</AllowMultipleExecution>
        <FileNamePattern/>
        <IsFromRemote>N</IsFromRemote>
        <ING_Nodes_ID reference="id"/>
        <IsInPayroll>N</IsInPayroll>
        <AD_Process_Trl type="translation">
            <Description/>
            <Help/>
            <Name>Recrear Movimientos Acumulados</Name>
            <AD_Language>es_CO</AD_Language>
            <IsActive>Y</IsActive>
            <IsTranslated>Y</IsTranslated>
        </AD_Process_Trl>
    </AD_Process>
     <AD_ToolBarButton type="table">
        <AD_Client_ID>0</AD_Client_ID>
        <AD_Org_ID>0</AD_Org_ID>
        <AD_Org_ID reference="id">0</AD_Org_ID>
        <ComponentName>Recrear Movimientos Acumulados</ComponentName>
        <IsActive>Y</IsActive>
        <Name>Recrear Movimientos Acumulados</Name>
        <IsCustomization>N</IsCustomization>
        <ActionClassName/>
        <ActionName/>
        <KeyStroke_KeyCode/>
        <KeyStroke_Modifiers/>
        <AD_ToolBarButton_UU>a2ad066c-8b0a-45f2-9b9c-5db9a51dad6f</AD_ToolBarButton_UU>
        <Action>W</Action>
        <AD_Tab_ID reference="id">53114</AD_Tab_ID>
        <AD_Process_ID reference="uuid" reference-key="AD_Process">445a2acd-ac08-49d3-9d72-d9ecb216f43c</AD_Process_ID>
        <DisplayLogic/>
        <SeqNo>20</SeqNo>
        <IsAdvancedButton>N</IsAdvancedButton>
        <IsAddSeparator>N</IsAddSeparator>
        <EntityType>ING</EntityType>
        <IsShowMore>N</IsShowMore>
    </AD_ToolBarButton>
</idempiere>
