<?xml version="1.0" encoding="UTF-8"?><idempiere Name="2Pack_5.3.4" Version="2Pack_5.3.4" idempiereVersion="" DataBaseVersion="" Description="" Author="" AuthorEmail="" CreatedDate="2021-08-26 11:37:28.532" UpdatedDate="2021-08-26 11:37:28.532" PackOutVersion="100" UpdateDictionary="false" Client="0-SYSTEM-System" AD_Client_UU="11237b53-9592-4af1-b3c5-afd216514b5d">
    <AD_Menu type="table">
        <Parent_ID reference="uuid" reference-key="AD_Menu">5f0ee395-357d-4c44-9695-a2680ee69701</Parent_ID>
        <SeqNo>3</SeqNo>
        <AD_Client_ID>0</AD_Client_ID>
        <AD_Org_ID>0</AD_Org_ID>
        <Name>Payroll Report</Name>
        <Description/>
        <Action>R</Action>
        <AD_Window_ID reference="id"/>
        <AD_Workflow_ID reference="id"/>
        <AD_Task_ID reference="id"/>
        <AD_Org_ID reference="id">0</AD_Org_ID>
        <IsActive>Y</IsActive>
        <IsSummary>N</IsSummary>
        <AD_Process_ID reference="uuid" reference-key="AD_Process">05e17ed9-594b-47b8-81fd-2216ae3d9bab</AD_Process_ID>
        <IsSOTrx>N</IsSOTrx>
        <AD_Form_ID reference="id"/>
        <IsReadOnly>N</IsReadOnly>
        <EntityType>U</EntityType>
        <IsCentrallyMaintained>N</IsCentrallyMaintained>
        <AD_Menu_UU>02e9d137-9610-4f5d-b22c-9ef48c9b9b16</AD_Menu_UU>
        <AD_InfoWindow_ID reference="id"/>
        <PredefinedContextVariables/>
        <AD_Menu_Trl type="translation">
            <Description/>
            <Name>Reporte de nomina</Name>
            <AD_Language>es_CO</AD_Language>
            <IsActive>Y</IsActive>
            <IsTranslated>Y</IsTranslated>
        </AD_Menu_Trl>
        <AD_Attachment type="table">
            <AD_Client_ID>0</AD_Client_ID>
            <AD_Org_ID>0</AD_Org_ID>
            <AD_Org_ID reference="id">0</AD_Org_ID>
            <IsActive>Y</IsActive>
            <AD_Table_ID reference="id">284</AD_Table_ID>
            <Record_ID reference="uuid" reference-key="AD_Process">05e17ed9-594b-47b8-81fd-2216ae3d9bab</Record_ID>
            <BinaryData>1.dat|byte[]</BinaryData>
            <Title>zip</Title>
            <TextMsg/>
            <AD_Attachment_UU>a813d823-535a-43d3-b5aa-28e6dd2901b1</AD_Attachment_UU>
            <AD_StorageProvider_ID reference="id"/>
        </AD_Attachment>
        <AD_Process type="table">
            <AD_Client_ID>0</AD_Client_ID>
            <AD_Org_ID>0</AD_Org_ID>
            <AD_Org_ID reference="id">0</AD_Org_ID>
            <IsActive>Y</IsActive>
            <Name>Payroll Report</Name>
            <Description/>
            <Help/>
            <ProcedureName/>
            <IsReport>N</IsReport>
            <Value>HR_Payroll_Report</Value>
            <IsDirectPrint>N</IsDirectPrint>
            <AD_ReportView_ID reference="id">0</AD_ReportView_ID>
            <Classname/>
            <AccessLevel>3</AccessLevel>
            <EntityType>U</EntityType>
            <Statistic_Count>0</Statistic_Count>
            <Statistic_Seconds>0</Statistic_Seconds>
            <AD_PrintFormat_ID reference="id"/>
            <WorkflowValue/>
            <AD_Workflow_ID reference="id"/>
            <IsBetaFunctionality>N</IsBetaFunctionality>
            <ShowHelp>Y</ShowHelp>
            <JasperReport>attachment:HR_Payroll_Report.jasper</JasperReport>
            <AD_Form_ID reference="id"/>
            <CopyFromProcess>N</CopyFromProcess>
            <AD_Process_UU>05e17ed9-594b-47b8-81fd-2216ae3d9bab</AD_Process_UU>
            <AD_CtxHelp_ID reference="id"/>
            <ExecutionType/>
            <AllowMultipleExecution>P</AllowMultipleExecution>
            <AD_Process_Trl type="translation">
                <Description/>
                <Help/>
                <Name>Reporte de nomina</Name>
                <AD_Language>es_CO</AD_Language>
                <IsActive>Y</IsActive>
                <IsTranslated>Y</IsTranslated>
            </AD_Process_Trl>
            <AD_Reference type="table">
                <AD_Reference_ID>30</AD_Reference_ID>
                <AD_Client_ID>0</AD_Client_ID>
                <AD_Org_ID>0</AD_Org_ID>
                <AD_Reference_ID>30</AD_Reference_ID>
                <Name>Search</Name>
                <Description>Search Field</Description>
                <Help/>
                <ValidationType>D</ValidationType>
                <AD_Org_ID reference="id">0</AD_Org_ID>
                <IsActive>Y</IsActive>
                <VFormat/>
                <EntityType>ING_Payroll</EntityType>
                <IsOrderByValue>N</IsOrderByValue>
                <AD_Reference_UU>199e084e-6ad2-4bcd-8f5e-fdd08f4c0748</AD_Reference_UU>
                <AD_Element_ID reference="id"/>
                <AD_Reference_Trl type="translation">
                    <Description>Campo de Búsqueda</Description>
                    <Help/>
                    <Name>Búsqueda</Name>
                    <AD_Language>es_CO</AD_Language>
                    <IsActive>Y</IsActive>
                    <IsTranslated>Y</IsTranslated>
                </AD_Reference_Trl>
            </AD_Reference>
            <AD_Element type="table">
                <AD_Element_ID>53407</AD_Element_ID>
                <AD_Client_ID>0</AD_Client_ID>
                <AD_Org_ID>0</AD_Org_ID>
                <AD_Element_ID>53407</AD_Element_ID>
                <AD_Org_ID reference="id">0</AD_Org_ID>
                <IsActive>Y</IsActive>
                <ColumnName>HR_Process_ID</ColumnName>
                <Name>Payroll Process</Name>
                <Description/>
                <Help/>
                <PrintName>Payroll Process</PrintName>
                <PO_Description/>
                <PO_Help/>
                <PO_Name/>
                <PO_PrintName/>
                <EntityType>EE02</EntityType>
                <AD_Element_UU>b845e21b-69a7-4607-a358-161b3c6e7ce7</AD_Element_UU>
                <Placeholder/>
                <AD_Element_Trl type="translation">
                    <Description/>
                    <Help/>
                    <Name>Proceso Nómina</Name>
                    <Placeholder/>
                    <PO_Description/>
                    <PO_Help/>
                    <PO_Name/>
                    <PO_PrintName/>
                    <PrintName>Proceso Nómina</PrintName>
                    <AD_Language>es_CO</AD_Language>
                    <IsActive>Y</IsActive>
                    <IsTranslated>Y</IsTranslated>
                </AD_Element_Trl>
            </AD_Element>
            <AD_Process_Para type="table">
                <AD_Client_ID>0</AD_Client_ID>
                <AD_Org_ID>0</AD_Org_ID>
                <AD_Org_ID reference="id">0</AD_Org_ID>
                <IsActive>Y</IsActive>
                <Name>Payroll Process</Name>
                <Description/>
                <Help/>
                <AD_Process_ID reference="uuid" reference-key="AD_Process">05e17ed9-594b-47b8-81fd-2216ae3d9bab</AD_Process_ID>
                <SeqNo>10</SeqNo>
                <AD_Reference_ID reference="id">30</AD_Reference_ID>
                <AD_Reference_Value_ID reference="id"/>
                <IsRange>N</IsRange>
                <AD_Val_Rule_ID reference="id"/>
                <FieldLength>0</FieldLength>
                <IsMandatory>Y</IsMandatory>
                <DefaultValue/>
                <VFormat/>
                <ValueMin/>
                <ValueMax/>
                <ColumnName>HR_Process_ID</ColumnName>
                <DefaultValue2/>
                <IsCentrallyMaintained>Y</IsCentrallyMaintained>
                <EntityType>U</EntityType>
                <AD_Element_ID reference="id">53407</AD_Element_ID>
                <ReadOnlyLogic/>
                <DisplayLogic/>
                <AD_Process_Para_UU>bd431eae-dcda-40c1-9f36-c428aaba200e</AD_Process_Para_UU>
                <IsEncrypted>N</IsEncrypted>
                <MandatoryLogic/>
                <Placeholder/>
                <Placeholder2/>
                <IsAutocomplete>N</IsAutocomplete>
                <AD_Process_Para_Trl type="translation">
                    <Description/>
                    <Help/>
                    <Name>Proceso Nómina</Name>
                    <Placeholder/>
                    <Placeholder2/>
                    <AD_Language>es_CO</AD_Language>
                    <IsActive>Y</IsActive>
                    <IsTranslated>Y</IsTranslated>
                </AD_Process_Para_Trl>
            </AD_Process_Para>
            <AD_Process_Para type="table">
                <AD_Client_ID>0</AD_Client_ID>
                <AD_Org_ID>0</AD_Org_ID>
                <AD_Org_ID reference="id">0</AD_Org_ID>
                <IsActive>Y</IsActive>
                <Name>Business Partner </Name>
                <Description>Identifies a Business Partner</Description>
                <Help>A Business Partner is anyone with whom you transact.  This can include Vendor, Customer, Employee or Salesperson</Help>
                <AD_Process_ID reference="uuid" reference-key="AD_Process">05e17ed9-594b-47b8-81fd-2216ae3d9bab</AD_Process_ID>
                <SeqNo>20</SeqNo>
                <AD_Reference_ID reference="id">30</AD_Reference_ID>
                <AD_Reference_Value_ID reference="id">252</AD_Reference_Value_ID>
                <IsRange>N</IsRange>
                <AD_Val_Rule_ID reference="id"/>
                <FieldLength>0</FieldLength>
                <IsMandatory>N</IsMandatory>
                <DefaultValue/>
                <VFormat/>
                <ValueMin/>
                <ValueMax/>
                <ColumnName>C_BPartner_ID</ColumnName>
                <DefaultValue2/>
                <IsCentrallyMaintained>Y</IsCentrallyMaintained>
                <EntityType>U</EntityType>
                <AD_Element_ID reference="id">187</AD_Element_ID>
                <ReadOnlyLogic/>
                <DisplayLogic/>
                <AD_Process_Para_UU>a4457836-d993-48ad-bf28-71df12ecdda7</AD_Process_Para_UU>
                <IsEncrypted>N</IsEncrypted>
                <MandatoryLogic/>
                <Placeholder/>
                <Placeholder2/>
                <IsAutocomplete>N</IsAutocomplete>
                <AD_Process_Para_Trl type="translation">
                    <Description>Identifica un Tercero</Description>
                    <Help>Un tercero es cualquiera con quien usted realiza transacciones. Este puede incluir Proveedores, Clientes, Empleados o Vendedores.</Help>
                    <Name>Tercero</Name>
                    <Placeholder/>
                    <Placeholder2/>
                    <AD_Language>es_CO</AD_Language>
                    <IsActive>Y</IsActive>
                    <IsTranslated>Y</IsTranslated>
                </AD_Process_Para_Trl>
            </AD_Process_Para>
            <AD_Process_Para type="table">
                <AD_Client_ID>0</AD_Client_ID>
                <AD_Org_ID>0</AD_Org_ID>
                <AD_Org_ID reference="id">0</AD_Org_ID>
                <IsActive>Y</IsActive>
                <Name>Currency</Name>
                <Description>The Currency for this record</Description>
                <Help>Indicates the Currency to be used when processing or reporting on this record</Help>
                <AD_Process_ID reference="uuid" reference-key="AD_Process">05e17ed9-594b-47b8-81fd-2216ae3d9bab</AD_Process_ID>
                <SeqNo>30</SeqNo>
                <AD_Reference_ID reference="id">19</AD_Reference_ID>
                <AD_Reference_Value_ID reference="id"/>
                <IsRange>N</IsRange>
                <AD_Val_Rule_ID reference="id">200091</AD_Val_Rule_ID>
                <FieldLength>0</FieldLength>
                <IsMandatory>Y</IsMandatory>
                <DefaultValue/>
                <VFormat/>
                <ValueMin/>
                <ValueMax/>
                <ColumnName>C_Currency_ID</ColumnName>
                <DefaultValue2/>
                <IsCentrallyMaintained>Y</IsCentrallyMaintained>
                <EntityType>ING_Payroll</EntityType>
                <AD_Element_ID reference="id">193</AD_Element_ID>
                <ReadOnlyLogic/>
                <DisplayLogic/>
                <AD_Process_Para_UU>2b87ee15-fa26-4a07-82c7-ccb1e4512d20</AD_Process_Para_UU>
                <IsEncrypted>N</IsEncrypted>
                <MandatoryLogic/>
                <Placeholder/>
                <Placeholder2/>
                <IsAutocomplete>N</IsAutocomplete>
                <AD_Process_Para_Trl type="translation">
                    <Description>The Currency for this record</Description>
                    <Help>Indicates the Currency to be used when processing or reporting on this record</Help>
                    <Name>Currency</Name>
                    <Placeholder/>
                    <Placeholder2/>
                    <AD_Language>es_CO</AD_Language>
                    <IsActive>Y</IsActive>
                    <IsTranslated>N</IsTranslated>
                </AD_Process_Para_Trl>
            </AD_Process_Para>
        </AD_Process>
    </AD_Menu>
    <SQLStatement type="custom">
        <DBType>Postgres</DBType>
        <statement>
            <![CDATA[CREATE OR REPLACE FUNCTION adempiere.lve_sumvaluepayroll(p_c_bpartner_id numeric, p_hr_process_id numeric, p_type character)
 RETURNS numeric
 LANGUAGE plpgsql
AS $function$
DECLARE valor numeric;
BEGIN
	
    SELECT INTO valor SUM(CASE WHEN m.columntype = 'A' THEN m.amount ELSE m.qty END)  
    FROM hr_movement m 
    WHERE m.isprinted = 'Y' AND m.accountsign = p_type AND m.c_bpartner_id = p_c_bpartner_id 
    AND m.hr_process_id = p_hr_process_id;

    RETURN valor;
END;	
$function$
;]]>
        </statement>
    </SQLStatement>
    <SQLStatement type="custom">
        <DBType>Postgres</DBType>
        <statement>
            <![CDATA[CREATE OR REPLACE FUNCTION adempiere.lve_isnull(p1 numeric, p2 numeric)
 RETURNS numeric
 LANGUAGE plpgsql
AS $function$
DECLARE resultado numeric;
BEGIN	
    SELECT INTO resultado CASE p1 is null WHEN true THEN p2 ELSE p1 END;
    RETURN resultado;
END;	
$function$
;]]>
        </statement>
    </SQLStatement>
    <SQLStatement type="custom">
        <DBType>Postgres</DBType>
        <statement>
            <![CDATA[CREATE OR REPLACE FUNCTION adempiere.dcs_taxid(p_c_invoice_id numeric)
 RETURNS text
 LANGUAGE plpgsql
AS $function$
DECLARE valor text;
BEGIN	
    select into valor (UPPER(tt.name) || '-' || UPPER(bp.taxid))  from c_bpartner bp, lco_taxidtype tt
    where bp.lco_taxidtype_id = tt.lco_taxidtype_id and bp.c_bpartner_id = p_c_invoice_id;
       IF valor is null then 
           valor:='';
           
     END IF ;
     return valor;
END;	
$function$
;]]>
        </statement>
    </SQLStatement>
    <SQLStatement type="custom">
        <DBType>Postgres</DBType>
        <statement>
            <![CDATA[CREATE OR REPLACE VIEW adempiere.hr_movement_employee_v
AS SELECT hr_process.ad_client_id,
    hr_process.ad_org_id,
    hr_process.created,
    hr_process.createdby,
    hr_process.updated,
    hr_process.updatedby,
    hr_process.isactive,
    c_bpartner.name,
    adempiere.lve_sumvaluepayroll(hr_movement.c_bpartner_id, hr_process.hr_process_id, 'D'::bpchar) AS assignments,
    adempiere.lve_isnull(adempiere.lve_sumvaluepayroll(hr_movement.c_bpartner_id, hr_process.hr_process_id, 'C'::bpchar), 0::numeric) AS deductions,
    adempiere.lve_sumvaluepayroll(hr_movement.c_bpartner_id, hr_process.hr_process_id, 'D'::bpchar) - adempiere.lve_isnull(adempiere.lve_sumvaluepayroll(hr_movement.c_bpartner_id, hr_process.hr_process_id, 'C'::bpchar), 0::numeric) AS total,
    hr_movement.c_bpartner_id,
    hr_process.hr_process_id,
    COALESCE(adempiere.dcs_taxid(c_bpartner.c_bpartner_id), c_bpartner.taxid::text) AS taxid,
    c_bp_bankaccount.c_bp_bankaccount_id,
    c_bp_bankaccount.a_name,
    c_bp_bankaccount.a_name AS accountno,
    c_bank.name AS bank,
    hr_process.hr_period_id,
    hr_process.dateacct,
    c_bp_bankaccount.c_bank_id AS bp_c_bank_id,
    c_bp_bankaccount.bankaccounttype,
    c_bp_bankaccount.ispayroll,
    c_bank.routingno
   FROM adempiere.hr_process
     JOIN adempiere.hr_movement ON hr_process.hr_process_id = hr_movement.hr_process_id
     JOIN adempiere.c_bpartner ON hr_movement.c_bpartner_id = c_bpartner.c_bpartner_id
     LEFT JOIN adempiere.c_bp_bankaccount ON c_bp_bankaccount.c_bpartner_id = c_bpartner.c_bpartner_id
     LEFT JOIN adempiere.c_bank ON c_bank.c_bank_id = c_bp_bankaccount.c_bank_id
  GROUP BY hr_process.ad_client_id, hr_process.ad_org_id, hr_process.created, hr_process.createdby, hr_process.updated, hr_process.updatedby, hr_process.isactive, hr_movement.c_bpartner_id, hr_process.hr_process_id, c_bpartner.name, c_bpartner.taxid, c_bp_bankaccount.c_bp_bankaccount_id, c_bp_bankaccount.a_name, c_bp_bankaccount.accountno, c_bpartner.c_bpartner_id, c_bank.name, c_bank.routingno;]]>
        </statement>
    </SQLStatement>
    <SQLStatement type="custom">
        <DBType>Postgres</DBType>
        <statement>
            <![CDATA[CREATE OR REPLACE FUNCTION adempiere.getRateFromHR(_HR_Process_ID numeric, _C_Currency_ID numeric, _AD_Client_ID NUMERIC, _AD_Org_ID NUMERIC )
 RETURNS numeric
 LANGUAGE plpgsql
 STABLE
AS $function$
  
DECLARE
 v_Rate NUMERIC;
 val_count NUMERIC;
 _currency_id NUMERIC;
 _dateAcct TIMESTAMP;
 o_Rate NUMERIC;
begin
 
  SELECT ccr.DivideRate
  INTO v_Rate
  FROM HR_Process p
   JOIN c_conversion_rate ccr ON p.c_conversion_rate_id = ccr.c_conversion_rate_id
  WHERE p.HR_Process_ID = _HR_Process_ID
   AND ccr.c_currency_id_to = _C_Currency_ID;
   
  SELECT count(*)
  INTO val_count
  FROM HR_Process p2
  WHERE p2.HR_Process_ID = _HR_Process_ID
   and p2.c_currency_id = _C_Currency_ID;
   
  SELECT p3.c_currency_Id, p3.dateacct
  INTO _currency_id, _dateAcct
  FROM HR_Process p3
  WHERE p3.HR_Process_ID = _HR_Process_ID;
  
 -- Return v_Rate
  IF (v_Rate != 0 and val_count =0 ) then
   RAISE NOTICE 'Return Rate';
   RETURN v_Rate;
  END IF;
  -- Return NULL
  IF (v_Rate = 0 and val_count !=0 ) then
   RAISE NOTICE 'Currency in HR';
   RETURN NULL;
  END IF;
 
  -- Return NULL
  IF (_currency_id = _C_Currency_ID) then
   RAISE NOTICE 'Same Currency';
   RETURN NULL;
  END IF;
 
  -- Get Rate
  o_Rate := currencyRate (_currency_id, _C_Currency_ID, _dateAcct::timestamp, null, _AD_Client_ID, _AD_Org_ID);
  IF (o_Rate IS NULL) THEN
      RAISE NOTICE 'Rate not found';
      RETURN NULL;
  ELSE
   RETURN o_Rate;
   END IF;
END;

$function$
;]]>
        </statement>
    </SQLStatement>
</idempiere>
