<?xml version="1.0" encoding="UTF-8"?><idempiere Name="2Pack_5.4.6" Version="5.4.6" idempiereVersion="" DataBaseVersion="" Description="" Author="" AuthorEmail="" CreatedDate="2021-10-30 14:13:53.51" UpdatedDate="2021-11-01 15:03:45.295" PackOutVersion="100" UpdateDictionary="false" Client="0-SYSTEM-System" AD_Client_UU="11237b53-9592-4af1-b3c5-afd216514b5d">
    <AD_Column type="table">
        <IsSyncDatabase>Y</IsSyncDatabase>
        <AD_Table_ID reference="uuid" reference-key="AD_Table">b2c268f8-d1cb-419c-af0a-e285cd4eb988</AD_Table_ID>
        <AD_Reference_Value_ID reference="id"/>
        <AD_Client_ID>0</AD_Client_ID>
        <AD_Org_ID>0</AD_Org_ID>
        <Version>0</Version>
        <Name>Payroll Process</Name>
        <Description/>
        <Help/>
        <AD_Val_Rule_ID reference="id"/>
        <ColumnName>HR_Process_ID</ColumnName>
        <DefaultValue/>
        <FieldLength>10</FieldLength>
        <IsKey>N</IsKey>
        <IsParent>N</IsParent>
        <IsMandatory>N</IsMandatory>
        <IsTranslated>N</IsTranslated>
        <IsIdentifier>Y</IsIdentifier>
        <SeqNo>0</SeqNo>
        <IsEncrypted>N</IsEncrypted>
        <AD_Reference_ID reference="id">19</AD_Reference_ID>
        <AD_Org_ID reference="id">0</AD_Org_ID>
        <IsActive>Y</IsActive>
        <VFormat/>
        <Callout/>
        <AD_Element_ID reference="id">53407</AD_Element_ID>
        <IsUpdateable>Y</IsUpdateable>
        <AD_Process_ID reference="id"/>
        <ValueMin/>
        <ValueMax/>
        <IsSelectionColumn>N</IsSelectionColumn>
        <ReadOnlyLogic/>
        <EntityType>ING</EntityType>
        <IsAlwaysUpdateable>N</IsAlwaysUpdateable>
        <ColumnSQL/>
        <MandatoryLogic/>
        <IsAutocomplete>N</IsAutocomplete>
        <IsAllowLogging>Y</IsAllowLogging>
        <FormatPattern/>
        <AD_Chart_ID reference="id"/>
        <AD_Column_UU>54577fe6-948a-4a1e-83fe-a3f2f662b3fe</AD_Column_UU>
        <IsAllowCopy>Y</IsAllowCopy>
        <SeqNoSelection>0</SeqNoSelection>
        <IsToolbarButton>N</IsToolbarButton>
        <IsSecure>N</IsSecure>
        <FKConstraintName>HRProcess_HRLoanLines</FKConstraintName>
        <FKConstraintType>N</FKConstraintType>
        <PA_DashboardContent_ID reference="id"/>
        <Placeholder/>
        <IsHtml>N</IsHtml>
        <AD_Val_Rule_Lookup_ID reference="id"/>
    </AD_Column>
</idempiere>
