<?xml version="1.0" encoding="UTF-8"?><idempiere Name="AD_Reference" Version="1.0.0" idempiereVersion="8.2.0.qualifier" DataBaseVersion="2020-12-20" Description="" Author="SuperUser" AuthorEmail="superuser @ idempiere.com" CreatedDate="Mon Aug 23 20:59:25 VET 2021" UpdatedDate="Mon Aug 23 20:59:25 VET 2021" PackOutVersion="100" UpdateDictionary="true" Client="0-SYSTEM-System" AD_Client_UU="11237b53-9592-4af1-b3c5-afd216514b5d">
    <AD_Reference type="table">
        <AD_Client_ID>0</AD_Client_ID>
        <AD_Org_ID>0</AD_Org_ID>
        <Name>C_Conversion_Rate</Name>
        <Description/>
        <Help/>
        <ValidationType>T</ValidationType>
        <AD_Org_ID reference="id">0</AD_Org_ID>
        <IsActive>Y</IsActive>
        <VFormat/>
        <EntityType>U</EntityType>
        <IsOrderByValue>N</IsOrderByValue>
        <AD_Reference_UU>af4c07d6-c126-4192-bf0a-71679c04cee7</AD_Reference_UU>
        <AD_Element_ID reference="id"/>
        <AD_Reference_Trl type="translation">
            <Description/>
            <Help/>
            <Name>C_Conversion_Rate</Name>
            <AD_Language>es_CO</AD_Language>
            <IsActive>Y</IsActive>
            <IsTranslated>N</IsTranslated>
        </AD_Reference_Trl>
        <AD_Ref_Table type="table">
            <AD_Client_ID>0</AD_Client_ID>
            <AD_Org_ID>0</AD_Org_ID>
            <AD_Reference_ID reference="uuid" reference-key="AD_Reference">af4c07d6-c126-4192-bf0a-71679c04cee7</AD_Reference_ID>
            <AD_Table_ID reference="id">140</AD_Table_ID>
            <WhereClause/>
            <OrderByClause/>
            <AD_Org_ID reference="id">0</AD_Org_ID>
            <IsActive>Y</IsActive>
            <IsValueDisplayed>N</IsValueDisplayed>
            <EntityType>U</EntityType>
            <AD_Window_ID reference="id"/>
            <AD_Ref_Table_UU>2a602b62-0bd9-4820-a586-95cac9905a2e</AD_Ref_Table_UU>
            <AD_InfoWindow_ID reference="id"/>
            <AD_Display reference="uuid" reference-key="AD_Column">6e397b70-07a5-4a84-87c3-2a90857f604d</AD_Display>
            <AD_Key reference="id">778</AD_Key>
        </AD_Ref_Table>
    </AD_Reference>
    <AD_Val_Rule type="table">
        <AD_Val_Rule_ID>52045</AD_Val_Rule_ID>
        <AD_Client_ID>0</AD_Client_ID>
        <AD_Org_ID>0</AD_Org_ID>
        <AD_Val_Rule_ID>52045</AD_Val_Rule_ID>
        <Name>Rate Of Currency In HR Process</Name>
        <Description/>
        <Type>S</Type>
        <Code>C_Conversion_Rate_ID IN (SELECT C_Conversion_Rate_ID
						 FROM C_Conversion_Rate
						 WHERE C_Currency_ID =  @C_Currency_ID@
						 AND C_Currency_ID_To in (SELECT C_Currency_ID
						 						  FROM hr_payroll
						 						  WHERE HR_Payroll_ID = @HR_Payroll_ID@))</Code>
        <AD_Org_ID reference="id">0</AD_Org_ID>
        <IsActive>Y</IsActive>
        <EntityType>D</EntityType>
        <AD_Val_Rule_UU>53040fad-0cd1-4877-a982-b244973d3b5e</AD_Val_Rule_UU>
    </AD_Val_Rule>
    <AD_Column type="table">
       <IsSyncDatabase>Y</IsSyncDatabase>
       <AD_Table_ID reference="id">53092</AD_Table_ID>
       <AD_Reference_Value_ID reference="uuid" reference-key="AD_Reference">af4c07d6-c126-4192-bf0a-71679c04cee7</AD_Reference_Value_ID>
       <AD_Client_ID>0</AD_Client_ID>
       <AD_Org_ID>0</AD_Org_ID>
       <Version>0</Version>
       <Name>Conversion Rate</Name>
       <Description>Rate used for converting currencies</Description>
       <Help>The Conversion Rate defines the rate (multiply or divide) to use when converting a source currency to an accounting currency.</Help>
       <AD_Val_Rule_ID reference="id">52045</AD_Val_Rule_ID>
       <ColumnName>C_Conversion_Rate_ID</ColumnName>
       <DefaultValue/>
       <FieldLength>22</FieldLength>
       <IsKey>N</IsKey>
       <IsParent>N</IsParent>
       <IsMandatory>N</IsMandatory>
       <IsTranslated>N</IsTranslated>
       <IsIdentifier>Y</IsIdentifier>
       <SeqNo>0</SeqNo>
       <IsEncrypted>N</IsEncrypted>
       <AD_Reference_ID reference="id">18</AD_Reference_ID>
       <AD_Org_ID reference="id">0</AD_Org_ID>
       <IsActive>Y</IsActive>
       <VFormat/>
       <Callout/>
       <AD_Element_ID reference="id">191</AD_Element_ID>
       <IsUpdateable>Y</IsUpdateable>
       <AD_Process_ID reference="id"/>
       <ValueMin/>
       <ValueMax/>
       <IsSelectionColumn>N</IsSelectionColumn>
       <ReadOnlyLogic/>
       <EntityType>U</EntityType>
       <IsAlwaysUpdateable>N</IsAlwaysUpdateable>
       <ColumnSQL/>
       <MandatoryLogic/>
       <IsAutocomplete>N</IsAutocomplete>
       <IsAllowLogging>Y</IsAllowLogging>
       <FormatPattern/>
       <AD_Chart_ID reference="id"/>
       <AD_Column_UU>2479ef70-0d6a-411d-9b71-ba381acdbd34</AD_Column_UU>
       <IsAllowCopy>Y</IsAllowCopy>
       <SeqNoSelection>0</SeqNoSelection>
       <IsToolbarButton>N</IsToolbarButton>
       <IsSecure>N</IsSecure>
       <FKConstraintName>CConversionRate_HRProcess</FKConstraintName>
       <FKConstraintType>N</FKConstraintType>
       <PA_DashboardContent_ID reference="id"/>
       <Placeholder/>
       <IsHtml>N</IsHtml>
       <AD_Val_Rule_Lookup_ID reference="id"/>
   </AD_Column>
   <AD_Column type="table">
       <IsSyncDatabase>Y</IsSyncDatabase>
       <AD_Table_ID reference="id">53092</AD_Table_ID>
       <AD_Reference_Value_ID reference="id"/>
       <AD_Client_ID>0</AD_Client_ID>
       <AD_Org_ID>0</AD_Org_ID>
       <Version>0</Version>
       <Name>Currency</Name>
       <Description>The Currency for this record</Description>
       <Help>Indicates the Currency to be used when processing or reporting on this record</Help>
       <AD_Val_Rule_ID reference="id">200091</AD_Val_Rule_ID>
       <ColumnName>C_Currency_ID</ColumnName>
       <DefaultValue>@C_Currency_ID@</DefaultValue>
       <FieldLength>22</FieldLength>
       <IsKey>N</IsKey>
       <IsParent>N</IsParent>
       <IsMandatory>N</IsMandatory>
       <IsTranslated>N</IsTranslated>
       <IsIdentifier>N</IsIdentifier>
       <SeqNo>0</SeqNo>
       <IsEncrypted>N</IsEncrypted>
       <AD_Reference_ID reference="id">30</AD_Reference_ID>
       <AD_Org_ID reference="id">0</AD_Org_ID>
       <IsActive>Y</IsActive>
       <VFormat/>
       <Callout/>
       <AD_Element_ID reference="id">193</AD_Element_ID>
       <IsUpdateable>Y</IsUpdateable>
       <AD_Process_ID reference="id"/>
       <ValueMin/>
       <ValueMax/>
       <IsSelectionColumn>N</IsSelectionColumn>
       <ReadOnlyLogic/>
       <EntityType>U</EntityType>
       <IsAlwaysUpdateable>N</IsAlwaysUpdateable>
       <ColumnSQL/>
       <MandatoryLogic/>
       <IsAutocomplete>N</IsAutocomplete>
       <IsAllowLogging>Y</IsAllowLogging>
       <FormatPattern/>
       <AD_Chart_ID reference="id"/>
       <AD_Column_UU>e5a1b7ab-74ad-4f79-8ace-c418cf55fc0c</AD_Column_UU>
       <IsAllowCopy>Y</IsAllowCopy>
       <SeqNoSelection>0</SeqNoSelection>
       <IsToolbarButton>N</IsToolbarButton>
       <IsSecure>N</IsSecure>
       <FKConstraintName>CCurrency_HRProcess</FKConstraintName>
       <FKConstraintType>N</FKConstraintType>
       <PA_DashboardContent_ID reference="id"/>
       <Placeholder/>
       <IsHtml>N</IsHtml>
       <AD_Val_Rule_Lookup_ID reference="id"/>
   </AD_Column>
   <AD_Field type="table">
        <AD_Client_ID>0</AD_Client_ID>
        <AD_Org_ID>0</AD_Org_ID>
        <Name>Currency</Name>
        <Description>The Currency for this record</Description>
        <Help>Indicates the Currency to be used when processing or reporting on this record</Help>
        <AD_Tab_ID reference="id">53114</AD_Tab_ID>
        <AD_Column_ID reference="uuid" reference-key="AD_Column">e5a1b7ab-74ad-4f79-8ace-c418cf55fc0c</AD_Column_ID>
        <IsDisplayed>Y</IsDisplayed>
        <DisplayLogic/>
        <DisplayLength>22</DisplayLength>
        <SeqNo>210</SeqNo>
        <SortNo/>
        <IsSameLine>N</IsSameLine>
        <IsHeading>N</IsHeading>
        <IsFieldOnly>N</IsFieldOnly>
        <IsEncrypted>N</IsEncrypted>
        <AD_Org_ID reference="id">0</AD_Org_ID>
        <IsActive>Y</IsActive>
        <IsReadOnly>N</IsReadOnly>
        <IsCentrallyMaintained>Y</IsCentrallyMaintained>
        <AD_FieldGroup_ID reference="id"/>
        <EntityType>U</EntityType>
        <ObscureType/>
        <AD_Reference_ID reference="id"/>
        <IsMandatory/>
        <DefaultValue/>
        <AD_Reference_Value_ID reference="id"/>
        <AD_Val_Rule_ID reference="id"/>
        <Included_Tab_ID reference="id"/>
        <AD_Field_UU>1357acb3-8be0-46c1-831a-d38608185fd2</AD_Field_UU>
        <IsAllowCopy/>
        <IsDisplayedGrid>Y</IsDisplayedGrid>
        <SeqNoGrid>220</SeqNoGrid>
        <XPosition>4</XPosition>
        <ColumnSpan>2</ColumnSpan>
        <NumLines>1</NumLines>
        <IsQuickEntry>N</IsQuickEntry>
        <IsUpdateable/>
        <IsAlwaysUpdateable/>
        <MandatoryLogic>1=1</MandatoryLogic>
        <ReadOnlyLogic/>
        <IsToolbarButton/>
        <IsDefaultFocus>N</IsDefaultFocus>
        <IsAdvancedField>N</IsAdvancedField>
        <VFormat/>
        <AD_LabelStyle_ID reference="id"/>
        <AD_FieldStyle_ID reference="id"/>
        <IsQuickForm>N</IsQuickForm>
        <Placeholder/>
        <IsSelectionColumn/>
        <AD_Val_Rule_Lookup_ID reference="id"/>
        <ColumnSQL/>
        <AD_Field_Trl type="translation">
            <Description>Moneda para este registro</Description>
            <Help>Indica la moneda a ser usada cuando se procese o Informe este registro</Help>
            <Name>Moneda</Name>
            <Placeholder/>
            <AD_Language>es_CO</AD_Language>
            <IsActive>Y</IsActive>
            <IsTranslated>Y</IsTranslated>
        </AD_Field_Trl>
    </AD_Field>
    <AD_Field type="table">
        <AD_Client_ID>0</AD_Client_ID>
        <AD_Org_ID>0</AD_Org_ID>
        <Name>Conversion Rate</Name>
        <Description>Rate used for converting currencies</Description>
        <Help>The Conversion Rate defines the rate (multiply or divide) to use when converting a source currency to an accounting currency.</Help>
        <AD_Tab_ID reference="id">53114</AD_Tab_ID>
        <AD_Column_ID reference="uuid" reference-key="AD_Column">2479ef70-0d6a-411d-9b71-ba381acdbd34</AD_Column_ID>
        <IsDisplayed>Y</IsDisplayed>
        <DisplayLogic> @C_Currency_ID@&gt;0</DisplayLogic>
        <DisplayLength>22</DisplayLength>
        <SeqNo>220</SeqNo>
        <SortNo/>
        <IsSameLine>N</IsSameLine>
        <IsHeading>N</IsHeading>
        <IsFieldOnly>N</IsFieldOnly>
        <IsEncrypted>N</IsEncrypted>
        <AD_Org_ID reference="id">0</AD_Org_ID>
        <IsActive>Y</IsActive>
        <IsReadOnly>N</IsReadOnly>
        <IsCentrallyMaintained>Y</IsCentrallyMaintained>
        <AD_FieldGroup_ID reference="id"/>
        <EntityType>U</EntityType>
        <ObscureType/>
        <AD_Reference_ID reference="id"/>
        <IsMandatory/>
        <DefaultValue/>
        <AD_Reference_Value_ID reference="id"/>
        <AD_Val_Rule_ID reference="id"/>
        <Included_Tab_ID reference="id"/>
        <AD_Field_UU>ba84ee99-e912-4110-ae69-58a939b994d1</AD_Field_UU>
        <IsAllowCopy/>
        <IsDisplayedGrid>Y</IsDisplayedGrid>
        <SeqNoGrid>210</SeqNoGrid>
        <XPosition>1</XPosition>
        <ColumnSpan>5</ColumnSpan>
        <NumLines>1</NumLines>
        <IsQuickEntry>N</IsQuickEntry>
        <IsUpdateable/>
        <IsAlwaysUpdateable/>
        <MandatoryLogic> @C_Currency_ID@&gt;0</MandatoryLogic>
        <ReadOnlyLogic/>
        <IsToolbarButton/>
        <IsDefaultFocus>N</IsDefaultFocus>
        <IsAdvancedField>N</IsAdvancedField>
        <VFormat/>
        <AD_LabelStyle_ID reference="id"/>
        <AD_FieldStyle_ID reference="id"/>
        <IsQuickForm>N</IsQuickForm>
        <Placeholder/>
        <IsSelectionColumn/>
        <AD_Val_Rule_Lookup_ID reference="id"/>
        <ColumnSQL/>
        <AD_Field_Trl type="translation">
            <Description>Tasa usada para conversión de monedas</Description>
            <Help>La tasa de cambio define la tasa que se debe usar (multiplicando o dividiendo) para convertir de una moneda a otra.</Help>
            <Name>Tasa de Cambio</Name>
            <Placeholder/>
            <AD_Language>es_CO</AD_Language>
            <IsActive>Y</IsActive>
            <IsTranslated>Y</IsTranslated>
        </AD_Field_Trl>
    </AD_Field>
    <AD_Column type="table">
        <IsSyncDatabase>Y</IsSyncDatabase>
        <AD_Table_ID reference="id">53093</AD_Table_ID>
        <AD_Reference_Value_ID reference="id"/>
        <AD_Client_ID>0</AD_Client_ID>
        <AD_Org_ID>0</AD_Org_ID>
        <Version>0</Version>
        <Name>Currency</Name>
        <Description>The Currency for this record</Description>
        <Help>Indicates the Currency to be used when processing or reporting on this record</Help>
        <AD_Val_Rule_ID reference="id">200091</AD_Val_Rule_ID>
        <ColumnName>C_Currency_ID</ColumnName>
        <DefaultValue/>
        <FieldLength>22</FieldLength>
        <IsKey>N</IsKey>
        <IsParent>N</IsParent>
        <IsMandatory>N</IsMandatory>
        <IsTranslated>N</IsTranslated>
        <IsIdentifier>N</IsIdentifier>
        <SeqNo>0</SeqNo>
        <IsEncrypted>N</IsEncrypted>
        <AD_Reference_ID reference="id">19</AD_Reference_ID>
        <AD_Org_ID reference="id">0</AD_Org_ID>
        <IsActive>Y</IsActive>
        <VFormat/>
        <Callout/>
        <AD_Element_ID reference="id">193</AD_Element_ID>
        <IsUpdateable>Y</IsUpdateable>
        <AD_Process_ID reference="id"/>
        <ValueMin/>
        <ValueMax/>
        <IsSelectionColumn>N</IsSelectionColumn>
        <ReadOnlyLogic/>
        <EntityType>U</EntityType>
        <IsAlwaysUpdateable>N</IsAlwaysUpdateable>
        <ColumnSQL/>
        <MandatoryLogic/>
        <IsAutocomplete>N</IsAutocomplete>
        <IsAllowLogging>Y</IsAllowLogging>
        <FormatPattern/>
        <AD_Chart_ID reference="id"/>
        <AD_Column_UU>dfbc368a-e6ab-44d1-a6d8-5137164d3d22</AD_Column_UU>
        <IsAllowCopy>Y</IsAllowCopy>
        <SeqNoSelection>0</SeqNoSelection>
        <IsToolbarButton>N</IsToolbarButton>
        <IsSecure>N</IsSecure>
        <FKConstraintName>CCurrency_HRPayroll</FKConstraintName>
        <FKConstraintType>N</FKConstraintType>
        <PA_DashboardContent_ID reference="id"/>
        <Placeholder/>
        <IsHtml>N</IsHtml>
        <AD_Val_Rule_Lookup_ID reference="id"/>
    </AD_Column>
    <AD_Field type="table">
        <AD_Client_ID>0</AD_Client_ID>
        <AD_Org_ID>0</AD_Org_ID>
        <Name>Currency</Name>
        <Description>The Currency for this record</Description>
        <Help>Indicates the Currency to be used when processing or reporting on this record</Help>
        <AD_Tab_ID reference="id">53115</AD_Tab_ID>
        <AD_Column_ID reference="uuid" reference-key="AD_Column">dfbc368a-e6ab-44d1-a6d8-5137164d3d22</AD_Column_ID>
        <IsDisplayed>Y</IsDisplayed>
        <DisplayLogic/>
        <DisplayLength>22</DisplayLength>
        <SeqNo>180</SeqNo>
        <SortNo/>
        <IsSameLine>N</IsSameLine>
        <IsHeading>N</IsHeading>
        <IsFieldOnly>N</IsFieldOnly>
        <IsEncrypted>N</IsEncrypted>
        <AD_Org_ID reference="id">0</AD_Org_ID>
        <IsActive>Y</IsActive>
        <IsReadOnly>N</IsReadOnly>
        <IsCentrallyMaintained>Y</IsCentrallyMaintained>
        <AD_FieldGroup_ID reference="id"/>
        <EntityType>U</EntityType>
        <ObscureType/>
        <AD_Reference_ID reference="id"/>
        <IsMandatory/>
        <DefaultValue/>
        <AD_Reference_Value_ID reference="id"/>
        <AD_Val_Rule_ID reference="id"/>
        <Included_Tab_ID reference="id"/>
        <AD_Field_UU>4d672180-44bf-4090-a75f-03cb6f1ec7c9</AD_Field_UU>
        <IsAllowCopy/>
        <IsDisplayedGrid>Y</IsDisplayedGrid>
        <SeqNoGrid>190</SeqNoGrid>
        <XPosition>1</XPosition>
        <ColumnSpan>2</ColumnSpan>
        <NumLines>1</NumLines>
        <IsQuickEntry>N</IsQuickEntry>
        <IsUpdateable/>
        <IsAlwaysUpdateable/>
        <MandatoryLogic/>
        <ReadOnlyLogic/>
        <IsToolbarButton/>
        <IsDefaultFocus>N</IsDefaultFocus>
        <IsAdvancedField>N</IsAdvancedField>
        <VFormat/>
        <AD_LabelStyle_ID reference="id"/>
        <AD_FieldStyle_ID reference="id"/>
        <IsQuickForm>N</IsQuickForm>
        <Placeholder/>
        <IsSelectionColumn/>
        <AD_Val_Rule_Lookup_ID reference="id"/>
        <ColumnSQL/>
        <AD_Field_Trl type="translation">
            <Description>Moneda para este registro</Description>
            <Help>Indica la moneda a ser usada cuando se procese o Informe este registro</Help>
            <Name>Moneda</Name>
            <Placeholder/>
            <AD_Language>es_CO</AD_Language>
            <IsActive>Y</IsActive>
            <IsTranslated>Y</IsTranslated>
        </AD_Field_Trl>
    </AD_Field>
    <AD_Column type="table">
        <IsSyncDatabase>Y</IsSyncDatabase>
        <AD_Table_ID reference="id">298</AD_Table_ID>
        <AD_Reference_Value_ID reference="id"/>
        <AD_Client_ID>0</AD_Client_ID>
        <AD_Org_ID>0</AD_Org_ID>
        <Version>0</Version>
        <Name>IsPayRoll</Name>
        <Description/>
        <Help/>
        <AD_Val_Rule_ID reference="id"/>
        <ColumnName>IsPayRoll</ColumnName>
        <DefaultValue>N</DefaultValue>
        <FieldLength>1</FieldLength>
        <IsKey>N</IsKey>
        <IsParent>N</IsParent>
        <IsMandatory>N</IsMandatory>
        <IsTranslated>N</IsTranslated>
        <IsIdentifier>N</IsIdentifier>
        <SeqNo>0</SeqNo>
        <IsEncrypted>N</IsEncrypted>
        <AD_Reference_ID reference="id">20</AD_Reference_ID>
        <AD_Org_ID reference="id">0</AD_Org_ID>
        <IsActive>Y</IsActive>
        <VFormat/>
        <Callout/>
        <AD_Element_ID reference="uuid" reference-key="AD_Element">3130af37-ccae-430e-93c5-4188481f4fb4</AD_Element_ID>
        <IsUpdateable>N</IsUpdateable>
        <AD_Process_ID reference="id"/>
        <ValueMin/>
        <ValueMax/>
        <IsSelectionColumn>N</IsSelectionColumn>
        <ReadOnlyLogic/>
        <EntityType>U</EntityType>
        <IsAlwaysUpdateable>N</IsAlwaysUpdateable>
        <ColumnSQL/>
        <MandatoryLogic/>
        <IsAutocomplete>N</IsAutocomplete>
        <IsAllowLogging>Y</IsAllowLogging>
        <FormatPattern/>
        <AD_Chart_ID reference="id"/>
        <AD_Column_UU>a005fbe4-ba95-418e-8580-49e7565a8a22</AD_Column_UU>
        <IsAllowCopy>Y</IsAllowCopy>
        <SeqNoSelection>0</SeqNoSelection>
        <IsToolbarButton>N</IsToolbarButton>
        <IsSecure>N</IsSecure>
        <FKConstraintName/>
        <FKConstraintType>N</FKConstraintType>
        <PA_DashboardContent_ID reference="id"/>
        <Placeholder/>
        <IsHtml>N</IsHtml>
        <AD_Val_Rule_Lookup_ID reference="id"/>
    </AD_Column>
    <AD_Field type="table">
        <AD_Client_ID>0</AD_Client_ID>
        <AD_Org_ID>0</AD_Org_ID>
        <Name>IsPayRoll</Name>
        <Description/>
        <Help/>
        <AD_Tab_ID reference="id">226</AD_Tab_ID>
        <AD_Column_ID reference="uuid" reference-key="AD_Column">a005fbe4-ba95-418e-8580-49e7565a8a22</AD_Column_ID>
        <IsDisplayed>Y</IsDisplayed>
        <DisplayLogic/>
        <DisplayLength>1</DisplayLength>
        <SeqNo>300</SeqNo>
        <SortNo/>
        <IsSameLine>N</IsSameLine>
        <IsHeading>N</IsHeading>
        <IsFieldOnly>N</IsFieldOnly>
        <IsEncrypted>N</IsEncrypted>
        <AD_Org_ID reference="id">0</AD_Org_ID>
        <IsActive>Y</IsActive>
        <IsReadOnly>N</IsReadOnly>
        <IsCentrallyMaintained>Y</IsCentrallyMaintained>
        <AD_FieldGroup_ID reference="id"/>
        <EntityType>U</EntityType>
        <ObscureType/>
        <AD_Reference_ID reference="id"/>
        <IsMandatory/>
        <DefaultValue/>
        <AD_Reference_Value_ID reference="id"/>
        <AD_Val_Rule_ID reference="id"/>
        <Included_Tab_ID reference="id"/>
        <AD_Field_UU>c2ffb676-e500-429e-a773-da82b87d284d</AD_Field_UU>
        <IsAllowCopy/>
        <IsDisplayedGrid>Y</IsDisplayedGrid>
        <SeqNoGrid>300</SeqNoGrid>
        <XPosition>2</XPosition>
        <ColumnSpan>2</ColumnSpan>
        <NumLines>1</NumLines>
        <IsQuickEntry>N</IsQuickEntry>
        <IsUpdateable/>
        <IsAlwaysUpdateable/>
        <MandatoryLogic/>
        <ReadOnlyLogic/>
        <IsToolbarButton/>
        <IsDefaultFocus>N</IsDefaultFocus>
        <IsAdvancedField>N</IsAdvancedField>
        <VFormat/>
        <AD_LabelStyle_ID reference="id"/>
        <AD_FieldStyle_ID reference="id"/>
        <IsQuickForm>N</IsQuickForm>
        <Placeholder/>
        <IsSelectionColumn/>
        <AD_Val_Rule_Lookup_ID reference="id"/>
        <ColumnSQL/>
        <AD_Field_Trl type="translation">
            <Description/>
            <Help/>
            <Name>IsPayRoll</Name>
            <Placeholder/>
            <AD_Language>es_CO</AD_Language>
            <IsActive>Y</IsActive>
            <IsTranslated>N</IsTranslated>
        </AD_Field_Trl>
    </AD_Field>
</idempiere>
