<?xml version="1.0" encoding="UTF-8"?><idempiere Name="2Pack_5.5.5" Version="5.5.5" idempiereVersion="" DataBaseVersion="" Description="" Author="" AuthorEmail="argenis.rodriguez@ingeint.com" CreatedDate="2024-01-15 08:15:50.566" UpdatedDate="2024-01-15 08:15:50.566" PackOutVersion="100" UpdateDictionary="false" Client="0-SYSTEM-System" AD_Client_UU="11237b53-9592-4af1-b3c5-afd216514b5d">
    <AD_Column type="table">
        <AD_Column_ID>54763</AD_Column_ID>
        <IsSyncDatabase>Y</IsSyncDatabase>
        <AD_Table_ID reference="id">53087</AD_Table_ID>
        <AD_Reference_Value_ID reference="id"/>
        <AD_Client_ID>0</AD_Client_ID>
        <AD_Org_ID>0</AD_Org_ID>
        <AD_Column_ID>54763</AD_Column_ID>
        <Version>0</Version>
        <Name>Amount</Name>
        <Description>Amount in a defined currency</Description>
        <Help>The Amount indicates the amount for this document line.</Help>
        <AD_Val_Rule_ID reference="id"/>
        <ColumnName>Amount</ColumnName>
        <DefaultValue>0</DefaultValue>
        <FieldLength>20</FieldLength>
        <IsKey>N</IsKey>
        <IsParent>N</IsParent>
        <IsMandatory>N</IsMandatory>
        <IsTranslated>N</IsTranslated>
        <IsIdentifier>N</IsIdentifier>
        <SeqNo/>
        <IsEncrypted>N</IsEncrypted>
        <AD_Reference_ID reference="id">22</AD_Reference_ID>
        <AD_Org_ID reference="id">0</AD_Org_ID>
        <IsActive>Y</IsActive>
        <VFormat/>
        <Callout/>
        <AD_Element_ID reference="id">1367</AD_Element_ID>
        <IsUpdateable>Y</IsUpdateable>
        <AD_Process_ID reference="id"/>
        <ValueMin/>
        <ValueMax/>
        <IsSelectionColumn>N</IsSelectionColumn>
        <ReadOnlyLogic/>
        <EntityType>ING_Payroll</EntityType>
        <IsAlwaysUpdateable>N</IsAlwaysUpdateable>
        <ColumnSQL/>
        <MandatoryLogic/>
        <IsAutocomplete>N</IsAutocomplete>
        <IsAllowLogging>Y</IsAllowLogging>
        <FormatPattern/>
        <AD_Chart_ID reference="id"/>
        <AD_Column_UU>c2f038d6-ed82-471a-b78c-3f52e6d5d385</AD_Column_UU>
        <IsAllowCopy>Y</IsAllowCopy>
        <SeqNoSelection/>
        <IsToolbarButton>N</IsToolbarButton>
        <IsSecure>N</IsSecure>
        <FKConstraintName/>
        <FKConstraintType/>
        <PA_DashboardContent_ID reference="id"/>
        <Placeholder/>
        <IsHtml>N</IsHtml>
        <AD_Val_Rule_Lookup_ID reference="id"/>
        <AlwaysUpdatableLogic/>
        <AD_InfoWindow_ID reference="id"/>
    </AD_Column>
</idempiere>
