<?xml version="1.0" encoding="UTF-8"?><?xml-stylesheet type="text/css" href="idempiereDocument.css"?><idempiereDocument>
    <header>2Pack_5.5.6 Package Description</header>
    <H1>Package Name:</H1>
    <packagename>2Pack_5.5.6</packagename>
    <H1>Author:</H1>
    <Name:/>
    <H1>Email Address:</H1>
    <Email>luis.colmenarez@ingeint.com</Email>
    <H1>Created:</H1>
    <Date>2024-01-15 14:10:09.717</Date>
    <H1>Updated:</H1>
    <Date>2024-01-15 14:25:13.693</Date>
    <H1>Description:</H1>
    <description>Disenio de formato y cambios del query, en el formato se trato de adecuar para que se pareciera lo mas posible al formato que pasaron de ejemplo, y con el query, se cambio para que filtre los accountsign notnull y la busqueda de la tasa en la vista del proceso de nomina</description>
    <H1>Instructions:</H1>
    <instructions/>
    <H1>Files in Package:</H1>
    <file>File: PackOut.xml</file>
    <filedirectory>Directory: \dict\</filedirectory>
    <filenotes>Notes: Contains all application/object settings for package</filenotes>
    <H1>Client:</H1>
    <Client>0-SYSTEM-System</Client>
</idempiereDocument>
